_time,seq_nr,time_latency,ue_id
2024-04-02 15:11:17+00:00, 9, 233, ue01
2024-04-02 15:11:18+00:00, 10, 60.5, ue01
2024-04-02 15:11:19+00:00, 11, 25.5, ue01
2024-04-02 15:11:20+00:00, 12, 326, ue01
2024-04-02 15:11:21+00:00, 13, 163, ue01
2024-04-02 15:11:22+00:00, 14, 176, ue01
2024-04-02 15:11:23+00:00, 15, 36.0, ue01
2024-04-02 15:11:24+00:00, 16, 30.7, ue01
2024-04-02 15:11:25+00:00, 17, 29.5, ue01
2024-04-02 15:11:26+00:00, 18, 32.3, ue01
2024-04-02 15:11:27+00:00, 19, 25.8, ue01
2024-04-02 15:11:28+00:00, 20, 25.7, ue01
2024-04-02 15:11:29+00:00, 21, 96.9, ue01
2024-04-02 15:11:30+00:00, 22, 24.4, ue01
2024-04-02 15:11:31+00:00, 23, 223, ue01
2024-04-02 15:11:32+00:00, 24, 28.6, ue01
2024-04-02 15:11:37+00:00, 25, 4248, ue01
2024-04-02 15:11:38+00:00, 30, 98.2, ue01
2024-04-02 15:11:39+00:00, 31, 83.0, ue01
2024-04-02 15:11:40+00:00, 32, 35.9, ue01
2024-04-02 15:11:41+00:00, 33, 24.7, ue01
2024-04-02 15:11:42+00:00, 34, 237, ue01
2024-04-02 15:11:43+00:00, 35, 392, ue01
2024-04-02 15:11:47+00:00, 39, 481, ue01
2024-04-02 15:11:48+00:00, 40, 388, ue01
2024-04-02 15:11:49+00:00, 41, 506, ue01
2024-04-02 15:11:50+00:00, 42, 326, ue01
2024-04-02 15:11:52+00:00, 44, 358, ue01
2024-04-02 15:11:54+00:00, 46, 365, ue01
2024-04-02 15:11:55+00:00, 47, 379, ue01
2024-04-02 15:11:56+00:00, 48, 309, ue01
2024-04-02 15:11:57+00:00, 49, 388, ue01
2024-04-02 15:11:59+00:00, 51, 265, ue01
2024-04-02 15:12:01+00:00, 53, 278, ue01
2024-04-02 15:12:04+00:00, 56, 397, ue01
2024-04-02 15:12:06+00:00, 58, 391, ue01
2024-04-02 15:12:07+00:00, 59, 382, ue01
2024-04-02 15:12:10+00:00, 62, 466, ue01
2024-04-02 15:12:11+00:00, 63, 384, ue01
2024-04-02 15:12:12+00:00, 64, 389, ue01
2024-04-02 15:12:14+00:00, 66, 332, ue01
2024-04-02 15:12:17+00:00, 69, 305, ue01
2024-04-02 15:12:19+00:00, 71, 403, ue01
2024-04-02 15:12:20+00:00, 72, 350, ue01
2024-04-02 15:12:21+00:00, 73, 308, ue01
2024-04-02 15:12:22+00:00, 74, 392, ue01
2024-04-02 15:12:23+00:00, 75, 426, ue01
2024-04-02 15:12:24+00:00, 76, 427, ue01
2024-04-02 15:12:26+00:00, 78, 401, ue01
2024-04-02 15:12:28+00:00, 80, 365, ue01
2024-04-02 15:12:30+00:00, 82, 256, ue01
2024-04-02 15:12:31+00:00, 83, 231, ue01
2024-04-02 15:12:32+00:00, 84, 473, ue01
2024-04-02 15:12:33+00:00, 85, 386, ue01
2024-04-02 15:12:34+00:00, 86, 413, ue01
2024-04-02 15:12:36+00:00, 88, 381, ue01
2024-04-02 15:12:37+00:00, 89, 384, ue01
2024-04-02 15:12:41+00:00, 93, 369, ue01
2024-04-02 15:12:42+00:00, 94, 348, ue01
2024-04-02 15:12:43+00:00, 95, 337, ue01
2024-04-02 15:12:45+00:00, 97, 353, ue01
2024-04-02 15:12:47+00:00, 98, 392, ue01
2024-04-02 15:12:48+00:00, 100, 329, ue01
2024-04-02 15:12:52+00:00, 103, 389, ue01
2024-04-02 15:12:53+00:00, 104, 407, ue01
2024-04-02 15:12:54+00:00, 105, 384, ue01
2024-04-02 15:12:55+00:00, 106, 386, ue01
2024-04-02 15:12:57+00:00, 108, 349, ue01
2024-04-02 15:12:58+00:00, 109, 393, ue01
2024-04-02 15:12:59+00:00, 110, 365, ue01
2024-04-02 15:13:00+00:00, 111, 387, ue01
2024-04-02 15:13:02+00:00, 113, 352, ue01
2024-04-02 15:13:04+00:00, 115, 370, ue01
2024-04-02 15:13:05+00:00, 116, 385, ue01
2024-04-02 15:13:06+00:00, 117, 295, ue01
2024-04-02 15:13:08+00:00, 119, 385, ue01
2024-04-02 15:13:10+00:00, 121, 431, ue01
2024-04-02 15:13:11+00:00, 122, 376, ue01
2024-04-02 15:13:12+00:00, 123, 386, ue01
2024-04-02 15:13:13+00:00, 124, 376, ue01
2024-04-02 15:13:15+00:00, 126, 444, ue01
2024-04-02 15:13:17+00:00, 128, 368, ue01
2024-04-02 15:13:18+00:00, 129, 345, ue01
2024-04-02 15:13:19+00:00, 130, 446, ue01
2024-04-02 15:13:22+00:00, 133, 265, ue01
2024-04-02 15:13:23+00:00, 134, 344, ue01
2024-04-02 15:13:25+00:00, 136, 366, ue01
2024-04-02 15:13:26+00:00, 137, 424, ue01
2024-04-02 15:13:27+00:00, 138, 384, ue01
2024-04-02 15:13:28+00:00, 139, 404, ue01
2024-04-02 15:13:29+00:00, 140, 424, ue01
2024-04-02 15:13:30+00:00, 141, 393, ue01
2024-04-02 15:13:31+00:00, 142, 372, ue01
2024-04-02 15:13:33+00:00, 144, 372, ue01
2024-04-02 15:13:35+00:00, 146, 389, ue01
2024-04-02 15:13:36+00:00, 147, 344, ue01
2024-04-02 15:13:37+00:00, 148, 387, ue01
2024-04-02 15:13:39+00:00, 150, 366, ue01
2024-04-02 15:13:40+00:00, 151, 536, ue01
2024-04-02 15:13:41+00:00, 152, 317, ue01
2024-04-02 15:13:42+00:00, 153, 351, ue01
2024-04-02 15:13:43+00:00, 154, 394, ue01
2024-04-02 15:13:44+00:00, 155, 254, ue01
2024-04-02 15:13:45+00:00, 156, 320, ue01
2024-04-02 15:13:47+00:00, 158, 330, ue01
2024-04-02 15:13:51+00:00, 162, 333, ue01
2024-04-02 15:13:52+00:00, 163, 404, ue01
2024-04-02 15:13:53+00:00, 164, 297, ue01
2024-04-02 15:13:55+00:00, 166, 385, ue01
2024-04-02 15:13:56+00:00, 167, 382, ue01
2024-04-02 15:13:57+00:00, 168, 386, ue01
2024-04-02 15:13:58+00:00, 169, 382, ue01
2024-04-02 15:14:02+00:00, 173, 366, ue01
2024-04-02 15:14:03+00:00, 174, 394, ue01
2024-04-02 15:14:04+00:00, 175, 381, ue01
2024-04-02 15:14:07+00:00, 178, 386, ue01
2024-04-02 15:14:14+00:00, 185, 361, ue01
2024-04-02 15:14:16+00:00, 187, 402, ue01
2024-04-02 15:14:17+00:00, 188, 392, ue01
2024-04-02 15:14:18+00:00, 189, 385, ue01
2024-04-02 15:14:19+00:00, 190, 360, ue01
2024-04-02 15:14:20+00:00, 191, 414, ue01
2024-04-02 15:14:21+00:00, 192, 389, ue01
2024-04-02 15:14:22+00:00, 193, 384, ue01
2024-04-02 15:14:23+00:00, 194, 388, ue01
2024-04-02 15:14:24+00:00, 195, 390, ue01
2024-04-02 15:14:25+00:00, 196, 375, ue01
2024-04-02 15:14:26+00:00, 197, 383, ue01
2024-04-02 15:14:27+00:00, 198, 314, ue01
2024-04-02 15:14:30+00:00, 201, 237, ue01
2024-04-02 15:14:31+00:00, 202, 313, ue01
2024-04-02 15:14:32+00:00, 203, 371, ue01
2024-04-02 15:14:33+00:00, 204, 401, ue01
2024-04-02 15:14:34+00:00, 205, 316, ue01
2024-04-02 15:14:36+00:00, 207, 453, ue01
2024-04-02 15:14:37+00:00, 208, 384, ue01
2024-04-02 15:14:38+00:00, 209, 340, ue01
2024-04-02 15:14:39+00:00, 210, 321, ue01
2024-04-02 15:14:40+00:00, 211, 349, ue01
2024-04-02 15:14:41+00:00, 212, 359, ue01
2024-04-02 15:14:42+00:00, 213, 314, ue01
2024-04-02 15:14:43+00:00, 214, 397, ue01
2024-04-02 15:14:46+00:00, 217, 392, ue01
2024-04-02 15:14:47+00:00, 218, 390, ue01
2024-04-02 15:14:48+00:00, 219, 306, ue01
2024-04-02 15:14:51+00:00, 222, 301, ue01
2024-04-02 15:14:52+00:00, 223, 344, ue01
2024-04-02 15:14:54+00:00, 224, 991, ue01
2024-04-02 15:14:55+00:00, 226, 145, ue01
2024-04-02 15:14:56+00:00, 227, 226, ue01
2024-04-02 15:14:57+00:00, 228, 365, ue01
2024-04-02 15:14:59+00:00, 230, 365, ue01
2024-04-02 15:15:00+00:00, 231, 360, ue01
2024-04-02 15:15:02+00:00, 233, 385, ue01
2024-04-02 15:15:03+00:00, 234, 389, ue01
2024-04-02 15:15:06+00:00, 237, 221, ue01
2024-04-02 15:15:08+00:00, 238, 392, ue01
2024-04-02 15:15:09+00:00, 239, 392, ue01
2024-04-02 15:15:10+00:00, 240, 402, ue01
2024-04-02 15:15:11+00:00, 241, 448, ue01
2024-04-02 15:15:12+00:00, 242, 391, ue01
2024-04-02 15:15:13+00:00, 243, 392, ue01
2024-04-02 15:15:15+00:00, 245, 385, ue01
2024-04-02 15:15:16+00:00, 246, 365, ue01
2024-04-02 15:15:18+00:00, 248, 370, ue01
2024-04-02 15:15:19+00:00, 249, 385, ue01
2024-04-02 15:15:20+00:00, 250, 388, ue01
2024-04-02 15:15:21+00:00, 251, 430, ue01
2024-04-02 15:15:22+00:00, 253, 233, ue01
2024-04-02 15:15:24+00:00, 254, 608, ue01
2024-04-02 15:15:25+00:00, 256, 333, ue01
2024-04-02 15:15:27+00:00, 257, 408, ue01
2024-04-02 15:15:28+00:00, 259, 294, ue01
2024-04-02 15:15:29+00:00, 260, 138, ue01
2024-04-02 15:15:31+00:00, 262, 313, ue01
2024-04-02 15:15:33+00:00, 263, 429, ue01
2024-04-02 15:15:34+00:00, 264, 337, ue01
2024-04-02 15:15:35+00:00, 265, 380, ue01
2024-04-02 15:15:36+00:00, 266, 385, ue01
2024-04-02 15:15:38+00:00, 268, 393, ue01
2024-04-02 15:15:39+00:00, 269, 392, ue01
2024-04-02 15:15:40+00:00, 270, 343, ue01
2024-04-02 15:15:41+00:00, 271, 319, ue01
2024-04-02 15:15:42+00:00, 272, 386, ue01
2024-04-02 15:15:44+00:00, 274, 377, ue01
2024-04-02 15:15:45+00:00, 275, 386, ue01
2024-04-02 15:15:46+00:00, 276, 384, ue01
2024-04-02 15:15:48+00:00, 278, 381, ue01
2024-04-02 15:15:49+00:00, 279, 314, ue01
2024-04-02 15:15:53+00:00, 283, 372, ue01
2024-04-02 15:15:54+00:00, 284, 361, ue01
2024-04-02 15:15:55+00:00, 285, 383, ue01
2024-04-02 15:15:57+00:00, 287, 329, ue01
2024-04-02 15:15:59+00:00, 289, 389, ue01
2024-04-02 15:16:00+00:00, 290, 392, ue01
2024-04-02 15:16:01+00:00, 291, 386, ue01
2024-04-02 15:16:03+00:00, 293, 324, ue01
2024-04-02 15:16:04+00:00, 294, 387, ue01
2024-04-02 15:16:05+00:00, 295, 344, ue01
2024-04-02 15:16:06+00:00, 296, 358, ue01
2024-04-02 15:16:07+00:00, 297, 413, ue01
2024-04-02 15:16:09+00:00, 299, 329, ue01
2024-04-02 15:16:11+00:00, 301, 385, ue01
2024-04-02 15:16:12+00:00, 302, 380, ue01
2024-04-02 15:16:14+00:00, 304, 389, ue01
2024-04-02 15:16:15+00:00, 305, 372, ue01
2024-04-02 15:16:16+00:00, 306, 387, ue01
2024-04-02 15:16:17+00:00, 307, 379, ue01
2024-04-02 15:16:18+00:00, 308, 387, ue01
2024-04-02 15:16:19+00:00, 309, 372, ue01
2024-04-02 15:16:20+00:00, 310, 375, ue01
2024-04-02 15:16:21+00:00, 311, 375, ue01
2024-04-02 15:16:23+00:00, 313, 308, ue01
2024-04-02 15:16:25+00:00, 315, 422, ue01
2024-04-02 15:16:26+00:00, 316, 373, ue01
2024-04-02 15:16:29+00:00, 319, 374, ue01
2024-04-02 15:16:30+00:00, 320, 367, ue01
2024-04-02 15:16:31+00:00, 321, 426, ue01
2024-04-02 15:16:34+00:00, 324, 290, ue01
2024-04-02 15:16:36+00:00, 326, 345, ue01
2024-04-02 15:16:37+00:00, 327, 369, ue01
2024-04-02 15:16:39+00:00, 329, 389, ue01
2024-04-02 15:16:40+00:00, 330, 344, ue01
2024-04-02 15:16:43+00:00, 333, 377, ue01
2024-04-02 15:16:45+00:00, 335, 325, ue01
2024-04-02 15:16:46+00:00, 336, 260, ue01
2024-04-02 15:16:47+00:00, 337, 377, ue01
2024-04-02 15:16:48+00:00, 338, 390, ue01
2024-04-02 15:16:49+00:00, 339, 457, ue01
2024-04-02 15:16:50+00:00, 340, 413, ue01
2024-04-02 15:16:53+00:00, 343, 345, ue01
2024-04-02 15:16:54+00:00, 344, 393, ue01
2024-04-02 15:16:55+00:00, 345, 328, ue01
2024-04-02 15:16:56+00:00, 346, 396, ue01
2024-04-02 15:16:57+00:00, 347, 415, ue01
2024-04-02 15:16:58+00:00, 348, 384, ue01
2024-04-02 15:17:00+00:00, 350, 324, ue01
2024-04-02 15:17:01+00:00, 351, 368, ue01
2024-04-02 15:17:02+00:00, 352, 376, ue01
2024-04-02 15:17:03+00:00, 353, 385, ue01
2024-04-02 15:17:04+00:00, 354, 374, ue01
2024-04-02 15:17:05+00:00, 355, 424, ue01
2024-04-02 15:17:06+00:00, 356, 364, ue01
2024-04-02 15:17:07+00:00, 357, 385, ue01
2024-04-02 15:17:11+00:00, 361, 387, ue01
2024-04-02 15:17:13+00:00, 363, 389, ue01
2024-04-02 15:17:14+00:00, 364, 339, ue01
2024-04-02 15:17:15+00:00, 365, 381, ue01
2024-04-02 15:17:17+00:00, 367, 394, ue01
2024-04-02 15:17:18+00:00, 368, 573, ue01
2024-04-02 15:17:19+00:00, 369, 393, ue01
2024-04-02 15:17:20+00:00, 370, 307, ue01
2024-04-02 15:17:21+00:00, 371, 383, ue01
2024-04-02 15:17:22+00:00, 372, 397, ue01
2024-04-02 15:17:24+00:00, 374, 297, ue01
2024-04-02 15:17:26+00:00, 376, 389, ue01
2024-04-02 15:17:28+00:00, 378, 449, ue01
2024-04-02 15:17:29+00:00, 379, 437, ue01
2024-04-02 15:17:31+00:00, 381, 327, ue01
2024-04-02 15:17:32+00:00, 382, 329, ue01
2024-04-02 15:17:33+00:00, 383, 377, ue01
2024-04-02 15:17:34+00:00, 384, 373, ue01
2024-04-02 15:17:35+00:00, 385, 353, ue01
2024-04-02 15:17:36+00:00, 386, 409, ue01
2024-04-02 15:17:37+00:00, 387, 361, ue01
2024-04-02 15:17:38+00:00, 388, 292, ue01
2024-04-02 15:17:40+00:00, 390, 386, ue01
2024-04-02 15:17:42+00:00, 392, 404, ue01
2024-04-02 15:17:43+00:00, 393, 352, ue01
2024-04-02 15:17:45+00:00, 395, 488, ue01
2024-04-02 15:17:46+00:00, 396, 386, ue01
2024-04-02 15:17:47+00:00, 397, 381, ue01
2024-04-02 15:17:48+00:00, 398, 415, ue01
2024-04-02 15:17:49+00:00, 399, 429, ue01
2024-04-02 15:17:51+00:00, 401, 353, ue01
2024-04-02 15:17:52+00:00, 402, 395, ue01
2024-04-02 15:17:56+00:00, 406, 447, ue01
2024-04-02 15:17:57+00:00, 407, 407, ue01
2024-04-02 15:17:58+00:00, 408, 389, ue01
2024-04-02 15:17:59+00:00, 409, 350, ue01
2024-04-02 15:18:00+00:00, 410, 368, ue01
2024-04-02 15:18:01+00:00, 411, 450, ue01
2024-04-02 15:18:02+00:00, 412, 406, ue01
2024-04-02 15:18:03+00:00, 413, 292, ue01
2024-04-02 15:18:04+00:00, 414, 455, ue01
2024-04-02 15:18:05+00:00, 415, 394, ue01
2024-04-02 15:18:08+00:00, 418, 390, ue01
2024-04-02 15:18:09+00:00, 419, 281, ue01
2024-04-02 15:18:10+00:00, 420, 267, ue01
2024-04-02 15:18:11+00:00, 421, 401, ue01
2024-04-02 15:18:13+00:00, 423, 465, ue01
2024-04-02 15:18:14+00:00, 424, 382, ue01
2024-04-02 15:18:15+00:00, 425, 250, ue01
2024-04-02 15:18:16+00:00, 426, 406, ue01
2024-04-02 15:18:17+00:00, 427, 397, ue01
2024-04-02 15:18:18+00:00, 428, 260, ue01
2024-04-02 15:18:19+00:00, 429, 237, ue01
2024-04-02 15:18:20+00:00, 430, 343, ue01
2024-04-02 15:18:22+00:00, 432, 218, ue01
2024-04-02 15:18:23+00:00, 433, 387, ue01
2024-04-02 15:18:24+00:00, 434, 329, ue01
2024-04-02 15:18:26+00:00, 436, 366, ue01
2024-04-02 15:18:27+00:00, 437, 200, ue01
2024-04-02 15:18:28+00:00, 438, 351, ue01
2024-04-02 15:18:29+00:00, 439, 326, ue01
2024-04-02 15:18:31+00:00, 441, 384, ue01
2024-04-02 15:18:33+00:00, 443, 183, ue01
2024-04-02 15:18:34+00:00, 444, 313, ue01
2024-04-02 15:18:36+00:00, 446, 288, ue01
2024-04-02 15:18:37+00:00, 447, 235, ue01
2024-04-02 15:18:39+00:00, 449, 404, ue01
2024-04-02 15:18:40+00:00, 450, 362, ue01
2024-04-02 15:18:41+00:00, 451, 384, ue01
2024-04-02 15:18:42+00:00, 452, 268, ue01
2024-04-02 15:18:43+00:00, 453, 314, ue01
2024-04-02 15:18:44+00:00, 454, 309, ue01
2024-04-02 15:18:47+00:00, 456, 449, ue01
2024-04-02 15:18:48+00:00, 457, 415, ue01
2024-04-02 15:18:49+00:00, 459, 227, ue01
2024-04-02 15:18:50+00:00, 460, 348, ue01
2024-04-02 15:18:52+00:00, 462, 282, ue01
2024-04-02 15:18:53+00:00, 463, 341, ue01
2024-04-02 15:18:54+00:00, 464, 322, ue01
2024-04-02 15:18:56+00:00, 465, 409, ue01
2024-04-02 15:18:57+00:00, 466, 411, ue01
2024-04-02 15:18:58+00:00, 467, 427, ue01
2024-04-02 15:18:59+00:00, 469, 313, ue01
2024-04-02 15:19:01+00:00, 471, 227, ue01
2024-04-02 15:19:03+00:00, 472, 393, ue01
2024-04-02 15:19:05+00:00, 474, 365, ue01
2024-04-02 15:19:06+00:00, 475, 408, ue01
2024-04-02 15:19:08+00:00, 477, 361, ue01
2024-04-02 15:19:09+00:00, 478, 388, ue01
2024-04-02 15:19:13+00:00, 482, 369, ue01
2024-04-02 15:19:14+00:00, 483, 384, ue01
2024-04-02 15:19:16+00:00, 485, 442, ue01
2024-04-02 15:19:17+00:00, 486, 389, ue01
2024-04-02 15:19:18+00:00, 487, 404, ue01
2024-04-02 15:19:20+00:00, 489, 356, ue01
2024-04-02 15:19:21+00:00, 490, 377, ue01
2024-04-02 15:19:22+00:00, 491, 352, ue01
2024-04-02 15:19:23+00:00, 492, 439, ue01
2024-04-02 15:19:24+00:00, 493, 368, ue01
2024-04-02 15:19:26+00:00, 495, 566, ue01
2024-04-02 15:19:27+00:00, 496, 272, ue01
2024-04-02 15:19:28+00:00, 497, 399, ue01
2024-04-02 15:19:30+00:00, 499, 431, ue01
2024-04-02 15:19:31+00:00, 500, 411, ue01
2024-04-02 15:19:32+00:00, 501, 335, ue01
2024-04-02 15:19:34+00:00, 503, 484, ue01
2024-04-02 15:19:36+00:00, 505, 316, ue01
2024-04-02 15:19:37+00:00, 506, 367, ue01
2024-04-02 15:19:38+00:00, 507, 370, ue01
2024-04-02 15:19:39+00:00, 508, 282, ue01
2024-04-02 15:19:40+00:00, 509, 356, ue01
2024-04-02 15:19:41+00:00, 510, 409, ue01
2024-04-02 15:19:42+00:00, 511, 444, ue01
2024-04-02 15:19:43+00:00, 512, 417, ue01
2024-04-02 15:19:45+00:00, 514, 477, ue01
2024-04-02 15:19:46+00:00, 515, 394, ue01
2024-04-02 15:19:47+00:00, 516, 323, ue01
2024-04-02 15:19:48+00:00, 517, 345, ue01
2024-04-02 15:19:49+00:00, 518, 405, ue01
2024-04-02 15:19:50+00:00, 519, 384, ue01
2024-04-02 15:19:51+00:00, 520, 388, ue01
2024-04-02 15:19:52+00:00, 521, 361, ue01
2024-04-02 15:19:53+00:00, 522, 348, ue01
2024-04-02 15:19:54+00:00, 523, 329, ue01
2024-04-02 15:19:55+00:00, 524, 374, ue01
2024-04-02 15:19:56+00:00, 525, 421, ue01
2024-04-02 15:19:57+00:00, 526, 331, ue01
2024-04-02 15:19:58+00:00, 527, 447, ue01
2024-04-02 15:19:59+00:00, 528, 430, ue01
2024-04-02 15:20:00+00:00, 529, 325, ue01
2024-04-02 15:20:01+00:00, 530, 377, ue01
2024-04-02 15:20:02+00:00, 531, 380, ue01
2024-04-02 15:20:03+00:00, 532, 399, ue01
2024-04-02 15:20:04+00:00, 533, 378, ue01
2024-04-02 15:20:05+00:00, 534, 378, ue01
2024-04-02 15:20:06+00:00, 535, 405, ue01
2024-04-02 15:20:07+00:00, 536, 389, ue01
2024-04-02 15:20:09+00:00, 538, 249, ue01
2024-04-02 15:20:10+00:00, 539, 348, ue01
2024-04-02 15:20:11+00:00, 540, 477, ue01
2024-04-02 15:20:13+00:00, 542, 372, ue01
2024-04-02 15:20:14+00:00, 543, 375, ue01
2024-04-02 15:20:15+00:00, 544, 309, ue01
2024-04-02 15:20:16+00:00, 545, 499, ue01
2024-04-02 15:20:17+00:00, 546, 393, ue01
2024-04-02 15:20:18+00:00, 547, 376, ue01
2024-04-02 15:20:19+00:00, 548, 265, ue01
2024-04-02 15:20:20+00:00, 549, 389, ue01
2024-04-02 15:20:21+00:00, 550, 352, ue01
2024-04-02 15:20:24+00:00, 553, 373, ue01
2024-04-02 15:20:25+00:00, 554, 375, ue01
2024-04-02 15:20:26+00:00, 555, 423, ue01
2024-04-02 15:20:27+00:00, 556, 370, ue01
2024-04-02 15:20:28+00:00, 557, 354, ue01
2024-04-02 15:20:29+00:00, 558, 352, ue01
2024-04-02 15:20:30+00:00, 559, 340, ue01
2024-04-02 15:20:31+00:00, 560, 370, ue01
2024-04-02 15:20:32+00:00, 561, 365, ue01
2024-04-02 15:20:33+00:00, 562, 404, ue01
2024-04-02 15:20:34+00:00, 563, 333, ue01
2024-04-02 15:20:36+00:00, 565, 401, ue01
2024-04-02 15:20:37+00:00, 566, 398, ue01
2024-04-02 15:20:38+00:00, 567, 452, ue01
2024-04-02 15:20:40+00:00, 569, 316, ue01
2024-04-02 15:20:41+00:00, 570, 394, ue01
2024-04-02 15:20:42+00:00, 571, 317, ue01
2024-04-02 15:20:43+00:00, 572, 315, ue01
2024-04-02 15:20:44+00:00, 573, 378, ue01
2024-04-02 15:20:46+00:00, 575, 412, ue01
2024-04-02 15:20:47+00:00, 576, 397, ue01
2024-04-02 15:20:48+00:00, 577, 354, ue01
2024-04-02 15:20:49+00:00, 578, 383, ue01
2024-04-02 15:20:50+00:00, 579, 427, ue01
2024-04-02 15:20:51+00:00, 580, 354, ue01
2024-04-02 15:20:52+00:00, 581, 314, ue01
2024-04-02 15:20:53+00:00, 582, 306, ue01
2024-04-02 15:20:54+00:00, 583, 339, ue01
2024-04-02 15:20:56+00:00, 585, 379, ue01
2024-04-02 15:20:57+00:00, 586, 368, ue01
2024-04-02 15:20:58+00:00, 587, 401, ue01
2024-04-02 15:20:59+00:00, 588, 394, ue01
2024-04-02 15:21:00+00:00, 589, 311, ue01
2024-04-02 15:21:01+00:00, 590, 413, ue01
2024-04-02 15:21:02+00:00, 591, 424, ue01
2024-04-02 15:21:03+00:00, 592, 488, ue01
2024-04-02 15:21:04+00:00, 593, 427, ue01
2024-04-02 15:21:05+00:00, 594, 396, ue01
2024-04-02 15:21:06+00:00, 595, 430, ue01
2024-04-02 15:21:07+00:00, 596, 370, ue01
2024-04-02 15:21:08+00:00, 597, 350, ue01
2024-04-02 15:21:09+00:00, 598, 298, ue01
2024-04-02 15:21:10+00:00, 599, 224, ue01
2024-04-02 15:21:11+00:00, 600, 525, ue01
2024-04-02 15:21:12+00:00, 601, 393, ue01
2024-04-02 15:21:13+00:00, 602, 373, ue01
2024-04-02 15:21:14+00:00, 603, 373, ue01
2024-04-02 15:21:16+00:00, 605, 248, ue01
2024-04-02 15:21:17+00:00, 606, 462, ue01
2024-04-02 15:21:18+00:00, 607, 203, ue01
2024-04-02 15:21:19+00:00, 608, 462, ue01
2024-04-02 15:21:20+00:00, 609, 334, ue01
2024-04-02 15:21:21+00:00, 610, 377, ue01
2024-04-02 15:21:22+00:00, 611, 442, ue01
2024-04-02 15:21:23+00:00, 612, 448, ue01
2024-04-02 15:21:24+00:00, 613, 414, ue01
2024-04-02 15:21:25+00:00, 614, 413, ue01
2024-04-02 15:21:26+00:00, 615, 296, ue01
2024-04-02 15:21:27+00:00, 616, 414, ue01
2024-04-02 15:21:29+00:00, 618, 365, ue01
2024-04-02 15:21:30+00:00, 619, 370, ue01
2024-04-02 15:21:31+00:00, 620, 385, ue01
2024-04-02 15:21:32+00:00, 621, 433, ue01
2024-04-02 15:21:33+00:00, 622, 377, ue01
2024-04-02 15:21:34+00:00, 623, 414, ue01
2024-04-02 15:21:35+00:00, 624, 482, ue01
2024-04-02 15:21:36+00:00, 625, 342, ue01
2024-04-02 15:21:37+00:00, 626, 430, ue01
2024-04-02 15:21:39+00:00, 628, 427, ue01
2024-04-02 15:21:40+00:00, 629, 466, ue01
2024-04-02 15:21:41+00:00, 630, 317, ue01
2024-04-02 15:21:42+00:00, 631, 463, ue01
2024-04-02 15:21:43+00:00, 632, 397, ue01
2024-04-02 15:21:44+00:00, 633, 292, ue01
2024-04-02 15:21:45+00:00, 634, 389, ue01
2024-04-02 15:21:46+00:00, 635, 337, ue01
2024-04-02 15:21:47+00:00, 636, 301, ue01
2024-04-02 15:21:48+00:00, 637, 396, ue01
2024-04-02 15:21:49+00:00, 638, 368, ue01
2024-04-02 15:21:51+00:00, 640, 412, ue01
2024-04-02 15:21:52+00:00, 641, 433, ue01
2024-04-02 15:21:53+00:00, 642, 285, ue01
2024-04-02 15:21:55+00:00, 644, 302, ue01
2024-04-02 15:21:56+00:00, 645, 377, ue01
2024-04-02 15:21:58+00:00, 647, 348, ue01
2024-04-02 15:22:00+00:00, 649, 517, ue01
2024-04-02 15:22:02+00:00, 651, 441, ue01
2024-04-02 15:22:03+00:00, 652, 349, ue01
2024-04-02 15:22:04+00:00, 653, 282, ue01
2024-04-02 15:22:05+00:00, 654, 421, ue01
2024-04-02 15:22:06+00:00, 655, 336, ue01
2024-04-02 15:22:08+00:00, 657, 424, ue01
2024-04-02 15:22:09+00:00, 658, 389, ue01
2024-04-02 15:22:10+00:00, 659, 382, ue01
2024-04-02 15:22:11+00:00, 660, 356, ue01
2024-04-02 15:22:12+00:00, 661, 369, ue01
2024-04-02 15:22:14+00:00, 663, 377, ue01
2024-04-02 15:22:15+00:00, 664, 389, ue01
2024-04-02 15:22:16+00:00, 665, 410, ue01
2024-04-02 15:22:18+00:00, 667, 383, ue01
2024-04-02 15:22:19+00:00, 668, 410, ue01
2024-04-02 15:22:20+00:00, 669, 314, ue01
2024-04-02 15:22:21+00:00, 670, 327, ue01
2024-04-02 15:22:23+00:00, 672, 353, ue01
2024-04-02 15:22:24+00:00, 673, 233, ue01
2024-04-02 15:22:25+00:00, 674, 384, ue01
2024-04-02 15:22:32+00:00, 681, 382, ue01
2024-04-02 15:22:33+00:00, 682, 389, ue01
2024-04-02 15:22:34+00:00, 683, 364, ue01
2024-04-02 15:22:35+00:00, 684, 334, ue01
2024-04-02 15:22:36+00:00, 685, 418, ue01
2024-04-02 15:22:37+00:00, 686, 377, ue01
2024-04-02 15:22:40+00:00, 689, 426, ue01
2024-04-02 15:22:43+00:00, 692, 329, ue01
2024-04-02 15:22:45+00:00, 694, 393, ue01
2024-04-02 15:22:46+00:00, 695, 389, ue01
2024-04-02 15:22:48+00:00, 697, 325, ue01
2024-04-02 15:22:50+00:00, 699, 393, ue01
2024-04-02 15:22:52+00:00, 701, 385, ue01
2024-04-02 15:22:53+00:00, 702, 376, ue01
2024-04-02 15:22:54+00:00, 703, 391, ue01
2024-04-02 15:22:56+00:00, 705, 386, ue01
2024-04-02 15:22:59+00:00, 708, 369, ue01
2024-04-02 15:23:01+00:00, 709, 418, ue01
2024-04-02 15:23:02+00:00, 711, 353, ue01
2024-04-02 15:23:05+00:00, 713, 433, ue01
2024-04-02 15:23:06+00:00, 714, 393, ue01
2024-04-02 15:23:07+00:00, 715, 396, ue01
2024-04-02 15:23:08+00:00, 716, 387, ue01
2024-04-02 15:23:09+00:00, 717, 395, ue01
2024-04-02 15:23:11+00:00, 719, 381, ue01
2024-04-02 15:23:12+00:00, 720, 373, ue01
2024-04-02 15:23:14+00:00, 722, 405, ue01
2024-04-02 15:23:16+00:00, 724, 393, ue01
2024-04-02 15:23:17+00:00, 725, 396, ue01
2024-04-02 15:23:21+00:00, 729, 313, ue01
2024-04-02 15:23:23+00:00, 731, 321, ue01
2024-04-02 15:23:24+00:00, 732, 376, ue01
2024-04-02 15:23:25+00:00, 733, 351, ue01
2024-04-02 15:23:29+00:00, 737, 348, ue01
2024-04-02 15:23:31+00:00, 739, 384, ue01
2024-04-02 15:23:33+00:00, 741, 317, ue01
2024-04-02 15:23:34+00:00, 742, 466, ue01
2024-04-02 15:23:36+00:00, 744, 388, ue01
2024-04-02 15:23:37+00:00, 745, 381, ue01
2024-04-02 15:23:38+00:00, 746, 383, ue01
2024-04-02 15:23:42+00:00, 750, 389, ue01
2024-04-02 15:23:43+00:00, 751, 312, ue01
2024-04-02 15:23:44+00:00, 752, 400, ue01
2024-04-02 15:23:45+00:00, 753, 392, ue01
2024-04-02 15:23:46+00:00, 754, 386, ue01
2024-04-02 15:23:47+00:00, 755, 388, ue01
2024-04-02 15:23:50+00:00, 758, 357, ue01
2024-04-02 15:23:51+00:00, 759, 391, ue01
2024-04-02 15:23:52+00:00, 760, 276, ue01
2024-04-02 15:23:53+00:00, 761, 239, ue01
2024-04-02 15:23:54+00:00, 762, 261, ue01
2024-04-02 15:23:56+00:00, 764, 411, ue01
2024-04-02 15:24:00+00:00, 768, 390, ue01
2024-04-02 15:24:01+00:00, 769, 394, ue01
2024-04-02 15:24:02+00:00, 770, 379, ue01
2024-04-02 15:24:03+00:00, 771, 393, ue01
2024-04-02 15:24:04+00:00, 772, 389, ue01
2024-04-02 15:24:05+00:00, 773, 395, ue01
2024-04-02 15:24:06+00:00, 774, 426, ue01
2024-04-02 15:24:09+00:00, 777, 386, ue01
2024-04-02 15:24:10+00:00, 778, 354, ue01
2024-04-02 15:24:11+00:00, 779, 394, ue01
2024-04-02 15:24:12+00:00, 780, 348, ue01
2024-04-02 15:24:13+00:00, 781, 362, ue01
2024-04-02 15:24:14+00:00, 782, 390, ue01
2024-04-02 15:24:15+00:00, 783, 394, ue01
2024-04-02 15:24:18+00:00, 786, 389, ue01
2024-04-02 15:24:19+00:00, 787, 389, ue01
2024-04-02 15:24:20+00:00, 788, 453, ue01
2024-04-02 15:24:21+00:00, 789, 402, ue01
2024-04-02 15:24:23+00:00, 791, 385, ue01
2024-04-02 15:24:24+00:00, 792, 390, ue01
2024-04-02 15:24:27+00:00, 795, 336, ue01
2024-04-02 15:24:28+00:00, 796, 423, ue01
2024-04-02 15:24:29+00:00, 797, 377, ue01
2024-04-02 15:24:33+00:00, 801, 526, ue01
2024-04-02 15:24:34+00:00, 802, 318, ue01
2024-04-02 15:24:35+00:00, 803, 361, ue01
2024-04-02 15:24:37+00:00, 805, 328, ue01
2024-04-02 15:24:38+00:00, 806, 357, ue01
2024-04-02 15:24:40+00:00, 808, 422, ue01
2024-04-02 15:24:41+00:00, 809, 392, ue01
2024-04-02 15:24:43+00:00, 811, 402, ue01
2024-04-02 15:24:46+00:00, 814, 357, ue01
2024-04-02 15:24:47+00:00, 815, 386, ue01
2024-04-02 15:24:48+00:00, 816, 415, ue01
2024-04-02 15:24:49+00:00, 817, 343, ue01
2024-04-02 15:24:50+00:00, 818, 366, ue01
2024-04-02 15:24:52+00:00, 820, 424, ue01
2024-04-02 15:24:53+00:00, 821, 392, ue01
2024-04-02 15:24:55+00:00, 823, 374, ue01
2024-04-02 15:24:56+00:00, 824, 387, ue01
2024-04-02 15:24:58+00:00, 826, 335, ue01
2024-04-02 15:24:59+00:00, 827, 368, ue01
2024-04-02 15:25:04+00:00, 832, 398, ue01
2024-04-02 15:25:05+00:00, 833, 267, ue01
2024-04-02 15:25:07+00:00, 835, 401, ue01
2024-04-02 15:25:08+00:00, 836, 351, ue01
2024-04-02 15:25:09+00:00, 837, 383, ue01
2024-04-02 15:25:10+00:00, 838, 328, ue01
2024-04-02 15:25:11+00:00, 839, 418, ue01
2024-04-02 15:25:13+00:00, 840, 457, ue01
2024-04-02 15:25:14+00:00, 842, 349, ue01
2024-04-02 15:25:16+00:00, 844, 393, ue01
2024-04-02 15:25:17+00:00, 845, 353, ue01
2024-04-02 15:25:19+00:00, 847, 375, ue01
2024-04-02 15:25:21+00:00, 848, 425, ue01
2024-04-02 15:25:23+00:00, 851, 338, ue01
2024-04-02 15:25:26+00:00, 853, 473, ue01
2024-04-02 15:25:27+00:00, 854, 377, ue01
2024-04-02 15:25:29+00:00, 856, 385, ue01
2024-04-02 15:25:31+00:00, 858, 497, ue01
2024-04-02 15:25:32+00:00, 859, 387, ue01
2024-04-02 15:25:33+00:00, 861, 164, ue01
2024-04-02 15:25:35+00:00, 862, 379, ue01
2024-04-02 15:25:36+00:00, 863, 408, ue01
2024-04-02 15:25:38+00:00, 865, 309, ue01
2024-04-02 15:25:40+00:00, 867, 300, ue01
2024-04-02 15:25:41+00:00, 868, 387, ue01
2024-04-02 15:25:45+00:00, 872, 373, ue01
2024-04-02 15:25:46+00:00, 873, 384, ue01
2024-04-02 15:25:49+00:00, 876, 275, ue01
2024-04-02 15:25:50+00:00, 877, 395, ue01
2024-04-02 15:25:51+00:00, 878, 385, ue01
2024-04-02 15:25:52+00:00, 879, 372, ue01
2024-04-02 15:25:53+00:00, 880, 438, ue01
2024-04-02 15:25:55+00:00, 882, 393, ue01
2024-04-02 15:25:57+00:00, 884, 337, ue01
2024-04-02 15:25:58+00:00, 885, 406, ue01
2024-04-02 15:25:59+00:00, 886, 306, ue01
2024-04-02 15:26:00+00:00, 887, 394, ue01
2024-04-02 15:26:01+00:00, 888, 381, ue01
2024-04-02 15:26:02+00:00, 889, 432, ue01
2024-04-02 15:26:04+00:00, 891, 406, ue01
2024-04-02 15:26:05+00:00, 892, 256, ue01
2024-04-02 15:26:07+00:00, 894, 269, ue01
2024-04-02 15:26:08+00:00, 895, 392, ue01
2024-04-02 15:26:09+00:00, 896, 411, ue01
2024-04-02 15:26:13+00:00, 900, 497, ue01
2024-04-02 15:26:16+00:00, 903, 329, ue01
2024-04-02 15:26:17+00:00, 904, 464, ue01
2024-04-02 15:26:18+00:00, 905, 386, ue01
2024-04-02 15:26:20+00:00, 907, 409, ue01
2024-04-02 15:26:21+00:00, 908, 397, ue01
2024-04-02 15:26:22+00:00, 909, 474, ue01
2024-04-02 15:26:23+00:00, 910, 344, ue01
2024-04-02 15:26:24+00:00, 911, 389, ue01
2024-04-02 15:26:25+00:00, 912, 393, ue01
2024-04-02 15:26:26+00:00, 913, 440, ue01
2024-04-02 15:26:28+00:00, 915, 388, ue01
2024-04-02 15:26:29+00:00, 916, 385, ue01
2024-04-02 15:26:32+00:00, 919, 385, ue01
2024-04-02 15:26:33+00:00, 920, 381, ue01
2024-04-02 15:26:34+00:00, 921, 293, ue01
2024-04-02 15:26:36+00:00, 923, 393, ue01
2024-04-02 15:26:37+00:00, 924, 389, ue01
2024-04-02 15:26:38+00:00, 925, 393, ue01
2024-04-02 15:26:39+00:00, 926, 381, ue01
2024-04-02 15:26:42+00:00, 929, 338, ue01
2024-04-02 15:26:43+00:00, 930, 221, ue01
2024-04-02 15:26:52+00:00, 939, 373, ue01
2024-04-02 15:26:53+00:00, 940, 389, ue01
2024-04-02 15:26:54+00:00, 941, 333, ue01
2024-04-02 15:26:56+00:00, 943, 424, ue01
2024-04-02 15:26:58+00:00, 945, 429, ue01
2024-04-02 15:27:02+00:00, 949, 305, ue01
2024-04-02 15:27:05+00:00, 952, 361, ue01
2024-04-02 15:27:08+00:00, 955, 430, ue01
2024-04-02 15:27:09+00:00, 956, 331, ue01
2024-04-02 15:27:10+00:00, 957, 391, ue01
2024-04-02 15:27:12+00:00, 959, 370, ue01
2024-04-02 15:27:14+00:00, 961, 366, ue01
2024-04-02 15:27:16+00:00, 963, 349, ue01
2024-04-02 15:27:18+00:00, 964, 439, ue01
2024-04-02 15:27:20+00:00, 967, 210, ue01
2024-04-02 15:27:22+00:00, 969, 333, ue01
2024-04-02 15:27:24+00:00, 970, 433, ue01
2024-04-02 15:27:25+00:00, 971, 372, ue01
2024-04-02 15:27:26+00:00, 972, 372, ue01
2024-04-02 15:27:27+00:00, 973, 456, ue01
2024-04-02 15:27:32+00:00, 978, 433, ue01
2024-04-02 15:27:34+00:00, 980, 340, ue01
2024-04-02 15:27:35+00:00, 981, 435, ue01
2024-04-02 15:27:36+00:00, 982, 578, ue01
2024-04-02 15:27:37+00:00, 983, 379, ue01
2024-04-02 15:27:39+00:00, 985, 439, ue01
2024-04-02 15:27:40+00:00, 986, 393, ue01
2024-04-02 15:27:41+00:00, 987, 383, ue01
2024-04-02 15:27:42+00:00, 988, 300, ue01
2024-04-02 15:27:44+00:00, 990, 372, ue01
2024-04-02 15:27:45+00:00, 991, 371, ue01
2024-04-02 15:27:46+00:00, 992, 498, ue01
2024-04-02 15:27:47+00:00, 993, 301, ue01
2024-04-02 15:27:48+00:00, 994, 366, ue01
2024-04-02 15:27:49+00:00, 995, 391, ue01
2024-04-02 15:27:50+00:00, 996, 388, ue01
2024-04-02 15:27:52+00:00, 998, 381, ue01
2024-04-02 15:27:54+00:00, 1000, 393, ue01
2024-04-02 15:27:55+00:00, 1001, 389, ue01
2024-04-02 15:27:56+00:00, 1002, 382, ue01
2024-04-02 15:27:57+00:00, 1003, 406, ue01
2024-04-02 15:28:00+00:00, 1006, 521, ue01
2024-04-02 15:28:01+00:00, 1007, 313, ue01
2024-04-02 15:28:02+00:00, 1008, 424, ue01
2024-04-02 15:28:03+00:00, 1009, 324, ue01
2024-04-02 15:28:04+00:00, 1010, 386, ue01
2024-04-02 15:28:06+00:00, 1012, 393, ue01
2024-04-02 15:28:07+00:00, 1013, 308, ue01
2024-04-02 15:28:08+00:00, 1014, 387, ue01
2024-04-02 15:28:09+00:00, 1015, 385, ue01
2024-04-02 15:28:10+00:00, 1016, 287, ue01
2024-04-02 15:28:11+00:00, 1017, 377, ue01
2024-04-02 15:28:12+00:00, 1018, 248, ue01
2024-04-02 15:28:13+00:00, 1019, 432, ue01
2024-04-02 15:28:14+00:00, 1020, 431, ue01
2024-04-02 15:28:15+00:00, 1021, 484, ue01
2024-04-02 15:28:16+00:00, 1022, 447, ue01
2024-04-02 15:28:17+00:00, 1023, 461, ue01
2024-04-02 15:28:18+00:00, 1024, 343, ue01
2024-04-02 15:28:20+00:00, 1026, 293, ue01
2024-04-02 15:28:21+00:00, 1027, 358, ue01
2024-04-02 15:28:22+00:00, 1028, 316, ue01
2024-04-02 15:28:23+00:00, 1029, 310, ue01
2024-04-02 15:28:25+00:00, 1031, 298, ue01
2024-04-02 15:28:26+00:00, 1032, 358, ue01
2024-04-02 15:28:27+00:00, 1033, 498, ue01
2024-04-02 15:28:28+00:00, 1034, 495, ue01
2024-04-02 15:28:29+00:00, 1035, 266, ue01
2024-04-02 15:28:30+00:00, 1036, 129, ue01
2024-04-02 15:28:31+00:00, 1037, 284, ue01
2024-04-02 15:28:32+00:00, 1038, 551, ue01
2024-04-02 15:28:33+00:00, 1039, 593, ue01
2024-04-02 15:28:34+00:00, 1040, 430, ue01
2024-04-02 15:28:35+00:00, 1041, 439, ue01
2024-04-02 15:28:36+00:00, 1042, 248, ue01
2024-04-02 15:28:37+00:00, 1043, 252, ue01
2024-04-02 15:28:38+00:00, 1044, 232, ue01
2024-04-02 15:28:39+00:00, 1045, 206, ue01
2024-04-02 15:28:40+00:00, 1046, 399, ue01
2024-04-02 15:28:41+00:00, 1047, 348, ue01
2024-04-02 15:28:42+00:00, 1048, 225, ue01
2024-04-02 15:28:43+00:00, 1049, 505, ue01
2024-04-02 15:28:44+00:00, 1050, 345, ue01
2024-04-02 15:28:45+00:00, 1051, 371, ue01
2024-04-02 15:28:46+00:00, 1052, 488, ue01
2024-04-02 15:28:47+00:00, 1053, 501, ue01
2024-04-02 15:28:48+00:00, 1054, 469, ue01
2024-04-02 15:28:49+00:00, 1055, 268, ue01
2024-04-02 15:28:50+00:00, 1056, 173, ue01
2024-04-02 15:28:51+00:00, 1057, 148, ue01
2024-04-02 15:28:52+00:00, 1058, 440, ue01
2024-04-02 15:28:53+00:00, 1059, 283, ue01
2024-04-02 15:28:54+00:00, 1060, 353, ue01
2024-04-02 15:28:56+00:00, 1062, 246, ue01
2024-04-02 15:28:57+00:00, 1063, 238, ue01
2024-04-02 15:28:58+00:00, 1064, 310, ue01
2024-04-02 15:28:59+00:00, 1065, 582, ue01
2024-04-02 15:29:00+00:00, 1066, 204, ue01
2024-04-02 15:29:01+00:00, 1067, 311, ue01
2024-04-02 15:29:02+00:00, 1068, 123, ue01
2024-04-02 15:29:03+00:00, 1069, 38.7, ue01
2024-04-02 15:29:04+00:00, 1070, 351, ue01
2024-04-02 15:29:05+00:00, 1071, 383, ue01
2024-04-02 15:29:07+00:00, 1073, 382, ue01
2024-04-02 15:29:08+00:00, 1074, 386, ue01
2024-04-02 15:29:10+00:00, 1076, 389, ue01
2024-04-02 15:29:11+00:00, 1077, 386, ue01
2024-04-02 15:29:13+00:00, 1079, 331, ue01
2024-04-02 15:29:14+00:00, 1080, 315, ue01
2024-04-02 15:29:15+00:00, 1081, 386, ue01
2024-04-02 15:29:16+00:00, 1082, 487, ue01
2024-04-02 15:29:18+00:00, 1084, 277, ue01
2024-04-02 15:29:20+00:00, 1086, 185, ue01
2024-04-02 15:29:21+00:00, 1087, 293, ue01
2024-04-02 15:29:22+00:00, 1088, 382, ue01
2024-04-02 15:29:24+00:00, 1090, 548, ue01
2024-04-02 15:29:25+00:00, 1091, 307, ue01
2024-04-02 15:29:30+00:00, 1096, 254, ue01
2024-04-02 15:29:31+00:00, 1097, 361, ue01
2024-04-02 15:29:34+00:00, 1100, 276, ue01
2024-04-02 15:29:35+00:00, 1101, 392, ue01
2024-04-02 15:29:37+00:00, 1103, 376, ue01
2024-04-02 15:29:38+00:00, 1104, 349, ue01
2024-04-02 15:29:39+00:00, 1105, 289, ue01
2024-04-02 15:29:41+00:00, 1107, 269, ue01
2024-04-02 15:29:42+00:00, 1108, 388, ue01
2024-04-02 15:29:43+00:00, 1109, 336, ue01
2024-04-02 15:29:44+00:00, 1110, 321, ue01
2024-04-02 15:29:45+00:00, 1111, 411, ue01
2024-04-02 15:29:46+00:00, 1112, 349, ue01
2024-04-02 15:29:47+00:00, 1113, 274, ue01
2024-04-02 15:29:50+00:00, 1116, 386, ue01
2024-04-02 15:29:52+00:00, 1118, 304, ue01
2024-04-02 15:29:54+00:00, 1120, 390, ue01
2024-04-02 15:29:56+00:00, 1122, 326, ue01
2024-04-02 15:29:57+00:00, 1123, 378, ue01
2024-04-02 15:29:58+00:00, 1124, 401, ue01
2024-04-02 15:29:59+00:00, 1125, 374, ue01
2024-04-02 15:30:01+00:00, 1127, 414, ue01
2024-04-02 15:30:05+00:00, 1131, 364, ue01
2024-04-02 15:30:06+00:00, 1132, 400, ue01
2024-04-02 15:30:08+00:00, 1134, 390, ue01
2024-04-02 15:30:11+00:00, 1137, 309, ue01
2024-04-02 15:30:12+00:00, 1138, 271, ue01
2024-04-02 15:30:13+00:00, 1139, 133, ue01
2024-04-02 15:30:14+00:00, 1140, 319, ue01
2024-04-02 15:30:17+00:00, 1143, 381, ue01
2024-04-02 15:30:19+00:00, 1145, 183, ue01
2024-04-02 15:30:20+00:00, 1146, 370, ue01
2024-04-02 15:30:21+00:00, 1147, 224, ue01
2024-04-02 15:30:23+00:00, 1149, 307, ue01
2024-04-02 15:30:24+00:00, 1150, 396, ue01
2024-04-02 15:30:25+00:00, 1151, 410, ue01
2024-04-02 15:30:27+00:00, 1153, 256, ue01
2024-04-02 15:30:28+00:00, 1154, 97.5, ue01
2024-04-02 15:30:29+00:00, 1155, 117, ue01
2024-04-02 15:30:30+00:00, 1156, 115, ue01
2024-04-02 15:30:31+00:00, 1157, 317, ue01
2024-04-02 15:30:32+00:00, 1158, 96.0, ue01
2024-04-02 15:30:33+00:00, 1159, 117, ue01
2024-04-02 15:30:34+00:00, 1160, 253, ue01
2024-04-02 15:30:35+00:00, 1161, 124, ue01
2024-04-02 15:30:36+00:00, 1162, 82.9, ue01
2024-04-02 15:30:37+00:00, 1163, 36.5, ue01
2024-04-02 15:30:38+00:00, 1164, 79.1, ue01
2024-04-02 15:30:39+00:00, 1165, 87.7, ue01
2024-04-02 15:30:40+00:00, 1166, 63.4, ue01
2024-04-02 15:30:41+00:00, 1167, 270, ue01
2024-04-02 15:30:42+00:00, 1168, 120, ue01
2024-04-02 15:30:43+00:00, 1169, 76.9, ue01
2024-04-02 15:30:44+00:00, 1170, 319, ue01
2024-04-02 15:30:45+00:00, 1171, 150, ue01
2024-04-02 15:30:46+00:00, 1172, 186, ue01
2024-04-02 15:30:47+00:00, 1173, 156, ue01
2024-04-02 15:30:48+00:00, 1174, 218, ue01
2024-04-02 15:30:49+00:00, 1175, 219, ue01
2024-04-02 15:30:50+00:00, 1176, 28.6, ue01
2024-04-02 15:30:51+00:00, 1177, 240, ue01
2024-04-02 15:30:52+00:00, 1178, 193, ue01
2024-04-02 15:30:53+00:00, 1179, 190, ue01
2024-04-02 15:30:54+00:00, 1180, 119, ue01
2024-04-02 15:30:55+00:00, 1181, 213, ue01
2024-04-02 15:30:56+00:00, 1182, 196, ue01
2024-04-02 15:30:58+00:00, 1184, 157, ue01
2024-04-02 15:30:59+00:00, 1185, 91.4, ue01
2024-04-02 15:31:00+00:00, 1186, 173, ue01
2024-04-02 15:31:01+00:00, 1187, 99.8, ue01
2024-04-02 15:31:02+00:00, 1188, 191, ue01
2024-04-02 15:31:03+00:00, 1189, 61.0, ue01
2024-04-02 15:31:04+00:00, 1190, 265, ue01
2024-04-02 15:31:05+00:00, 1191, 269, ue01
2024-04-02 15:31:06+00:00, 1192, 151, ue01
2024-04-02 15:31:07+00:00, 1193, 170, ue01
2024-04-02 15:31:08+00:00, 1194, 287, ue01
2024-04-02 15:31:09+00:00, 1195, 69.8, ue01
2024-04-02 15:31:10+00:00, 1196, 111, ue01
2024-04-02 15:31:11+00:00, 1197, 117, ue01
2024-04-02 15:31:12+00:00, 1198, 154, ue01
2024-04-02 15:31:13+00:00, 1199, 121, ue01
2024-04-02 15:31:14+00:00, 1200, 151, ue01
2024-04-02 15:31:15+00:00, 1201, 283, ue01
2024-04-02 15:31:16+00:00, 1202, 170, ue01
2024-04-02 15:31:17+00:00, 1203, 265, ue01
2024-04-02 15:31:18+00:00, 1204, 70.7, ue01
2024-04-02 15:31:19+00:00, 1205, 245, ue01
2024-04-02 15:31:20+00:00, 1206, 320, ue01
2024-04-02 15:31:21+00:00, 1207, 77.4, ue01
2024-04-02 15:31:22+00:00, 1208, 312, ue01
2024-04-02 15:31:23+00:00, 1209, 194, ue01
2024-04-02 15:31:25+00:00, 1210, 557, ue01
2024-04-02 15:31:26+00:00, 1212, 286, ue01
2024-04-02 15:31:28+00:00, 1214, 230, ue01
2024-04-02 15:31:29+00:00, 1215, 109, ue01
2024-04-02 15:31:31+00:00, 1217, 56.6, ue01
2024-04-02 15:31:32+00:00, 1218, 178, ue01
2024-04-02 15:31:33+00:00, 1219, 78.9, ue01
2024-04-02 15:31:35+00:00, 1220, 349, ue01
2024-04-02 15:31:36+00:00, 1222, 268, ue01
2024-04-02 15:31:37+00:00, 1223, 79.3, ue01
2024-04-02 15:31:38+00:00, 1224, 138, ue01
2024-04-02 15:31:39+00:00, 1225, 217, ue01
2024-04-02 15:31:40+00:00, 1226, 178, ue01
2024-04-02 15:31:41+00:00, 1227, 176, ue01
2024-04-02 15:31:42+00:00, 1228, 61.0, ue01
2024-04-02 15:31:43+00:00, 1229, 219, ue01
2024-04-02 15:31:44+00:00, 1230, 137, ue01
2024-04-02 15:31:45+00:00, 1231, 96.5, ue01
2024-04-02 15:31:46+00:00, 1232, 26.8, ue01
2024-04-02 15:31:47+00:00, 1233, 191, ue01
2024-04-02 15:31:48+00:00, 1234, 164, ue01
2024-04-02 15:31:49+00:00, 1235, 121, ue01
2024-04-02 15:31:50+00:00, 1236, 87.7, ue01
2024-04-02 15:31:51+00:00, 1237, 139, ue01
2024-04-02 15:31:52+00:00, 1238, 97.0, ue01
2024-04-02 15:31:53+00:00, 1239, 39.2, ue01
2024-04-02 15:31:54+00:00, 1240, 86.8, ue01
2024-04-02 15:31:55+00:00, 1241, 140, ue01
2024-04-02 15:31:56+00:00, 1242, 113, ue01
2024-04-02 15:31:58+00:00, 1244, 234, ue01
2024-04-02 15:31:59+00:00, 1245, 169, ue01
2024-04-02 15:32:00+00:00, 1246, 120, ue01
2024-04-02 15:32:01+00:00, 1247, 178, ue01
2024-04-02 15:32:02+00:00, 1248, 69.3, ue01
2024-04-02 15:32:03+00:00, 1249, 126, ue01
2024-04-02 15:32:04+00:00, 1250, 220, ue01
2024-04-02 15:32:06+00:00, 1252, 35.7, ue01
2024-04-02 15:32:07+00:00, 1253, 31.6, ue01
2024-04-02 15:32:09+00:00, 1255, 167, ue01
2024-04-02 15:32:10+00:00, 1256, 149, ue01
2024-04-02 15:32:11+00:00, 1257, 161, ue01
2024-04-02 15:32:12+00:00, 1258, 269, ue01
2024-04-02 15:32:13+00:00, 1259, 130, ue01
2024-04-02 15:32:14+00:00, 1260, 43.9, ue01
2024-04-02 15:32:16+00:00, 1261, 333, ue01
2024-04-02 15:32:17+00:00, 1263, 153, ue01
2024-04-02 15:32:18+00:00, 1264, 215, ue01
2024-04-02 15:32:19+00:00, 1265, 106, ue01
2024-04-02 15:32:20+00:00, 1266, 253, ue01
2024-04-02 15:32:21+00:00, 1267, 214, ue01
2024-04-02 15:32:22+00:00, 1268, 142, ue01
2024-04-02 15:32:23+00:00, 1269, 103, ue01
2024-04-02 15:32:25+00:00, 1271, 34.4, ue01
2024-04-02 15:32:26+00:00, 1272, 89.2, ue01
2024-04-02 15:32:27+00:00, 1273, 117, ue01
2024-04-02 15:32:28+00:00, 1274, 167, ue01
2024-04-02 15:32:29+00:00, 1275, 167, ue01
2024-04-02 15:32:30+00:00, 1276, 40.9, ue01
2024-04-02 15:32:31+00:00, 1277, 26.8, ue01
2024-04-02 15:32:32+00:00, 1278, 103, ue01
2024-04-02 15:32:33+00:00, 1279, 103, ue01
2024-04-02 15:32:34+00:00, 1280, 46.4, ue01
2024-04-02 15:32:35+00:00, 1281, 62.9, ue01
2024-04-02 15:32:36+00:00, 1282, 40.6, ue01
2024-04-02 15:32:37+00:00, 1283, 78.5, ue01
2024-04-02 15:32:38+00:00, 1284, 175, ue01
2024-04-02 15:32:39+00:00, 1285, 112, ue01
2024-04-02 15:32:40+00:00, 1286, 71.6, ue01
2024-04-02 15:32:41+00:00, 1287, 31.3, ue01
2024-04-02 15:32:42+00:00, 1288, 27.7, ue01
2024-04-02 15:32:43+00:00, 1289, 161, ue01
2024-04-02 15:32:44+00:00, 1290, 99.4, ue01
2024-04-02 15:32:45+00:00, 1291, 120, ue01
2024-04-02 15:32:46+00:00, 1292, 23.1, ue01
2024-04-02 15:32:47+00:00, 1293, 72.9, ue01
2024-04-02 15:32:48+00:00, 1294, 80.7, ue01
2024-04-02 15:32:49+00:00, 1295, 108, ue01
2024-04-02 15:32:50+00:00, 1296, 38.4, ue01
2024-04-02 15:32:51+00:00, 1297, 81.4, ue01
2024-04-02 15:32:52+00:00, 1298, 126, ue01
2024-04-02 15:32:53+00:00, 1299, 48.5, ue01
2024-04-02 15:32:54+00:00, 1300, 81.5, ue01
2024-04-02 15:32:55+00:00, 1301, 56.5, ue01
2024-04-02 15:32:56+00:00, 1302, 121, ue01
2024-04-02 15:32:57+00:00, 1303, 52.8, ue01
2024-04-02 15:32:58+00:00, 1304, 86.5, ue01
