,_time,seq_nr,test_number_x,time_latency,ue_id,bandwidth_required,bitrate,jitter,lost_percentage,path_loss,test_number_y,transfer,ue_nr_x,DRB.PacketSuccessRateUlgNBUu,DRB.RlcPacketDropRateDl,DRB.RlcSduTransmittedVolumeDL,DRB.RlcSduTransmittedVolumeUL,DRB.UEThpDl,DRB.UEThpUl,RRU.PrbAvailDl,RRU.PrbAvailUl,RRU.PrbTotDl,RRU.PrbTotUl,collectStartTime,test_number,ue_nr_y
57,2024-04-19 10:04:20+00:00,59,1,1877.32,3,10M,95.15,11.3,0.8,10.0,1,0.22,2,100,0,0,11465,0,11492,51,5,1,90,2024-04-19 10:04:20,1,1
63,2024-04-19 10:04:24+00:00,65,1,1228.5,1,10M,2.45,4.25,0.73,10.0,1,0.3,2,100,0,0,11453,0,11492,51,5,1,90,2024-04-19 10:04:24,1,1
96,2024-04-19 10:04:47+00:00,85,1,1392.67,2,10M,2.16,9.53,0.77,10.0,1,0.26,2,100,0,0,11454,0,11491,51,5,1,90,2024-04-19 10:04:47,1,1
105,2024-04-19 10:04:54+00:00,93,1,1837.33,2,10M,1.38,13.05,0.83,10.0,1,0.17,2,100,0,1,11490,1,11526,51,5,1,90,2024-04-19 10:04:54,1,1
113,2024-04-19 10:05:00+00:00,98,1,1744.0,2,10M,1.83,7.76,0.8,10.0,1,0.22,2,100,0,1,11454,1,11491,51,5,1,90,2024-04-19 10:05:00,1,1
140,2024-04-19 10:05:21+00:00,117,1,1642.6,3,10M,142.59,8.7,0.77,10.0,1,0.21,2,100,0,0,11489,0,11526,51,5,1,90,2024-04-19 10:05:21,1,1
161,2024-04-19 10:05:38+00:00,134,1,2222.5,3,10M,137.06,11.2,0.86,10.0,1,0.18,2,100,0,0,11453,0,11492,51,5,1,90,2024-04-19 10:05:38,1,1
187,2024-04-19 10:05:58+00:00,155,1,1834.75,3,10M,1.85,11.15,0.84,10.0,1,0.23,2,100,0,0,11453,0,11492,51,5,1,90,2024-04-19 10:05:58,1,1
210,2024-04-19 10:06:15+00:00,173,1,1052.0,1,10M,2.42,6.17,0.79,10.0,1,0.29,2,100,0,0,11488,0,11526,51,5,1,90,2024-04-19 10:06:15,1,1
253,2024-04-19 10:06:45+00:00,202,1,1047.0,2,10M,2.81,5.91,0.73,10.0,1,0.34,2,100,0,1,11454,1,11491,51,5,1,90,2024-04-19 10:06:45,1,1
259,2024-04-19 10:06:49+00:00,205,1,1066.0,3,10M,2.88,6.3,0.72,10.0,1,0.35,2,100,0,0,11489,0,11526,51,5,1,90,2024-04-19 10:06:49,1,1
272,2024-04-19 10:06:58+00:00,216,1,1200.5,1,10M,2.66,6.59,0.72,10.0,1,0.32,2,100,0,0,11454,0,11491,51,5,1,90,2024-04-19 10:06:57,1,1
291,2024-04-19 10:07:11+00:00,227,1,1017.0,2,10M,3.15,2.96,0.7,10.0,1,0.38,2,100,0,0,11454,0,11491,51,5,1,90,2024-04-19 10:07:11,1,1
298,2024-04-19 10:07:16+00:00,234,1,1153.33,1,10M,2.61,9.32,0.73,10.0,1,0.32,2,100,0,0,11454,0,11491,51,5,1,90,2024-04-19 10:07:16,1,1
304,2024-04-19 10:07:20+00:00,235,1,1356.0,3,10M,2.73,7.42,0.73,10.0,1,0.33,2,100,0,0,11454,0,11492,51,5,1,90,2024-04-19 10:07:20,1,1
311,2024-04-19 10:07:25+00:00,241,1,1094.0,2,10M,2.21,8.26,0.76,10.0,1,0.27,2,100,0,0,11489,0,11526,51,5,1,90,2024-04-19 10:07:25,1,1
317,2024-04-19 10:07:29+00:00,244,1,1036.5,3,10M,2.48,5.45,0.73,10.0,1,0.3,2,100,0,0,11465,0,11491,51,5,1,90,2024-04-19 10:07:29,1,1
336,2024-04-19 10:07:42+00:00,257,1,1104.33,3,10M,2.96,6.39,0.7,10.0,1,0.36,2,100,0,0,11430,0,11464,51,6,1,88,2024-04-19 10:07:42,1,1
342,2024-04-19 10:07:46+00:00,261,1,1461.5,3,10M,2.23,7.45,0.75,10.0,1,0.27,2,100,0,0,11430,0,11464,51,6,1,88,2024-04-19 10:07:46,1,1
363,2024-04-19 10:08:01+00:00,275,1,1269.33,3,10M,2.35,8.21,0.76,10.0,1,0.29,2,100,0,0,11430,0,11464,51,6,1,88,2024-04-19 10:08:01,1,1
429,2024-04-19 10:08:47+00:00,321,1,1370.0,2,10M,2.29,5.73,0.77,10.0,1,0.28,2,100,0,0,11453,0,11492,51,5,1,90,2024-04-19 10:08:47,1,1
435,2024-04-19 10:08:51+00:00,325,1,1218.33,3,10M,2.63,8.21,0.74,10.0,1,0.32,2,100,0,1,11490,1,11526,51,5,1,90,2024-04-19 10:08:51,1,1
442,2024-04-19 10:08:56+00:00,330,1,1000.5,2,10M,2.75,6.78,0.73,10.0,1,0.34,2,100,0,2,11455,2,11491,51,5,1,90,2024-04-19 10:08:55,1,1
448,2024-04-19 10:09:00+00:00,334,1,1439.0,2,10M,2.21,6.61,0.78,10.0,1,0.27,2,100,0,1,11490,1,11526,51,5,1,90,2024-04-19 10:09:00,1,1
460,2024-04-19 10:09:09+00:00,343,1,1241.33,2,10M,2.83,4.29,0.74,10.0,1,0.34,2,100,0,2,11490,2,11526,51,5,1,90,2024-04-19 10:09:09,1,1
487,2024-04-19 10:09:28+00:00,361,1,1532.0,3,10M,2.12,8.17,0.8,10.0,1,0.26,2,100,0,0,11453,0,11492,51,5,1,90,2024-04-19 10:09:28,1,1
500,2024-04-19 10:09:38+00:00,373,1,1538.0,1,10M,2.33,6.93,0.71,10.0,1,0.28,2,100,0,0,11465,0,11492,51,5,1,90,2024-04-19 10:09:38,1,1
582,2024-04-19 10:10:37+00:00,429,1,1278.67,3,10M,2.18,6.52,0.78,10.0,1,0.27,2,100,0,0,11488,0,11526,51,5,1,90,2024-04-19 10:10:37,1,1
624,2024-04-19 10:11:07+00:00,458,1,1390.67,3,10M,2.61,8.91,0.77,10.0,1,0.32,2,100,0,2,11455,2,11491,51,5,1,90,2024-04-19 10:11:07,1,1
630,2024-04-19 10:11:12+00:00,463,1,1296.67,2,10M,2.27,7.09,0.78,10.0,1,0.28,2,100,0,1,11454,1,11491,51,5,1,90,2024-04-19 10:11:12,1,1
643,2024-04-19 10:11:22+00:00,473,1,1254.0,2,10M,2.48,7.4,0.76,10.0,1,0.3,2,100,0,0,11454,0,11491,51,5,1,90,2024-04-19 10:11:22,1,1
650,2024-04-19 10:11:27+00:00,477,1,1341.0,3,10M,1.97,9.28,0.77,10.0,1,0.24,2,100,0,1,11454,1,11491,51,5,1,90,2024-04-19 10:11:27,1,1
671,2024-04-19 10:11:42+00:00,493,1,1050.0,2,10M,2.52,4.52,0.76,10.0,1,0.31,2,100,0,0,11488,0,11526,51,5,1,90,2024-04-19 10:11:42,1,1
691,2024-04-19 10:11:56+00:00,507,1,1589.0,2,10M,1.97,6.76,0.79,10.0,1,0.24,2,100,0,1,11490,1,11526,51,5,1,90,2024-04-19 10:11:56,1,1
705,2024-04-19 10:12:06+00:00,517,1,1347.0,2,10M,2.52,9.44,0.79,10.0,1,0.31,2,100,0,0,11454,0,11491,51,5,1,90,2024-04-19 10:12:06,1,1
732,2024-04-19 10:12:25+00:00,536,1,1309.33,2,10M,2.4,9.82,0.75,10.0,1,0.29,2,100,0,0,11453,0,11492,51,5,1,90,2024-04-19 10:12:25,1,1
756,2024-04-19 10:12:42+00:00,552,1,1495.0,3,10M,2.27,7.62,0.76,10.0,1,0.28,2,100,0,0,11453,0,11492,51,5,1,90,2024-04-19 10:12:42,1,1
763,2024-04-19 10:12:47+00:00,558,1,1318.67,1,10M,2.31,6.73,0.74,10.0,1,0.28,2,100,0,0,11488,0,11526,51,5,1,90,2024-04-19 10:12:47,1,1
777,2024-04-19 10:12:57+00:00,568,1,1173.0,1,10M,2.38,7.53,0.78,10.0,1,0.29,2,100,0,0,11454,0,11491,51,5,1,90,2024-04-19 10:12:57,1,1
809,2024-04-19 10:13:19+00:00,590,1,1277.0,1,10M,2.83,4.91,0.74,10.0,1,0.34,2,100,0,0,11454,0,11492,51,5,1,90,2024-04-19 10:13:19,1,1
823,2024-04-19 10:13:29+00:00,598,1,1438.33,3,10M,2.26,6.74,0.79,10.0,1,0.28,2,100,0,0,11489,0,11526,51,5,1,90,2024-04-19 10:13:29,1,1
835,2024-04-19 10:13:37+00:00,608,1,1123.0,1,10M,2.65,5.63,0.74,10.0,1,0.32,2,100,0,0,11465,0,11492,51,5,1,90,2024-04-19 10:13:37,1,1
877,2024-04-19 10:14:08+00:00,638,1,1632.5,1,10M,2.25,6.76,0.78,10.0,1,0.28,2,100,0,0,11488,0,11526,51,5,1,90,2024-04-19 10:14:08,1,1
885,2024-04-19 10:14:14+00:00,644,1,1705.5,1,10M,1.84,10.82,0.79,10.0,1,0.22,2,100,0,0,11454,0,11491,51,5,1,90,2024-04-19 10:14:14,1,1
893,2024-04-19 10:14:20+00:00,650,1,1435.5,1,10M,2.17,8.07,0.8,10.0,1,0.27,2,100,0,0,11454,0,11491,51,5,1,90,2024-04-19 10:14:20,1,1
899,2024-04-19 10:14:24+00:00,654,1,1228.0,1,10M,2.44,7.89,0.76,10.0,1,0.3,2,100,0,1,11490,1,11526,51,5,1,90,2024-04-19 10:14:24,1,1
906,2024-04-19 10:14:29+00:00,659,1,1164.0,1,10M,2.48,6.38,0.74,10.0,1,0.3,2,100,0,1,11454,1,11491,51,5,1,90,2024-04-19 10:14:29,1,1
925,2024-04-19 10:14:42+00:00,672,1,1124.5,1,10M,2.53,6.0,0.76,10.0,1,0.31,2,100,0,0,11453,0,11492,51,5,1,90,2024-04-19 10:14:42,1,1
944,2024-04-19 10:14:55+00:00,683,1,1248.33,2,10M,2.68,4.74,0.76,10.0,1,0.33,2,100,0,1,11454,1,11491,51,5,1,90,2024-04-19 10:14:55,1,1
976,2024-04-19 10:15:18+00:00,705,1,1180.5,3,10M,2.59,6.21,0.77,10.0,1,0.32,2,100,0,0,11453,0,11492,51,5,1,90,2024-04-19 10:15:18,1,1
983,2024-04-19 10:15:23+00:00,710,1,1288.0,2,10M,2.55,5.76,0.75,10.0,1,0.31,2,100,0,0,11488,0,11526,51,5,1,90,2024-04-19 10:15:23,1,1
997,2024-04-19 10:15:33+00:00,722,1,1101.5,1,10M,2.52,5.63,0.75,10.0,1,0.31,2,100,0,0,11488,0,11526,51,5,1,90,2024-04-19 10:15:33,1,1
1004,2024-04-19 10:15:38+00:00,725,1,1197.0,2,10M,2.3,7.9,0.77,10.0,1,0.28,2,100,0,0,11453,0,11492,51,5,1,90,2024-04-19 10:15:38,1,1
1056,2024-04-19 10:16:14+00:00,760,1,1269.67,2,10M,2.41,4.25,0.74,10.0,1,0.29,2,100,0,0,11453,0,11492,51,5,1,90,2024-04-19 10:16:14,1,1
1063,2024-04-19 10:16:19+00:00,765,1,1308.5,3,10M,2.23,6.94,0.77,10.0,1,0.27,2,100,0,0,11454,0,11492,51,5,1,90,2024-04-19 10:16:19,1,1
1075,2024-04-19 10:16:28+00:00,775,1,1241.5,1,10M,2.34,6.66,0.73,10.0,1,0.28,2,100,0,0,11489,0,11526,51,5,1,90,2024-04-19 10:16:28,1,1
1082,2024-04-19 10:16:33+00:00,779,1,1672.0,2,10M,2.17,10.15,0.78,10.0,1,0.27,2,100,0,0,11454,0,11491,51,5,1,90,2024-04-19 10:16:33,1,1
1103,2024-04-19 10:16:48+00:00,795,1,1466.33,1,10M,2.39,7.03,0.76,10.0,1,0.29,2,100,0,0,11454,0,11492,51,5,1,90,2024-04-19 10:16:48,1,1
1110,2024-04-19 10:16:53+00:00,798,1,1686.0,2,10M,2.15,7.72,0.76,10.0,1,0.26,2,100,0,1,11454,1,11491,51,5,1,90,2024-04-19 10:16:53,1,1
1117,2024-04-19 10:16:58+00:00,803,1,927.0,2,10M,2.54,5.35,0.76,10.0,1,0.31,2,100,0,1,11454,1,11491,51,5,1,90,2024-04-19 10:16:58,1,1
1124,2024-04-19 10:17:03+00:00,809,1,1640.0,1,10M,2.12,7.36,0.75,10.0,1,0.26,2,100,0,1,11454,1,11491,51,5,1,90,2024-04-19 10:17:03,1,1
1145,2024-04-19 10:17:18+00:00,824,1,1844.0,1,10M,2.46,5.32,0.72,10.0,1,0.3,2,100,0,2,11455,2,11491,51,5,1,90,2024-04-19 10:17:18,1,1
1151,2024-04-19 10:17:22+00:00,827,1,1146.0,3,10M,2.58,11.14,0.73,10.0,1,0.31,2,100,0,0,11489,0,11526,51,5,1,90,2024-04-19 10:17:22,1,1
1157,2024-04-19 10:17:26+00:00,831,1,1216.67,2,10M,2.52,8.13,0.74,10.0,1,0.31,2,100,0,0,11465,0,11491,51,5,1,90,2024-04-19 10:17:26,1,1
1183,2024-04-19 10:17:44+00:00,849,1,1513.0,3,10M,2.15,7.93,0.77,10.0,1,0.26,2,100,0,0,11453,0,11492,51,5,1,90,2024-04-19 10:17:44,1,1
1189,2024-04-19 10:17:48+00:00,853,1,961.5,3,10M,2.99,5.81,0.67,10.0,1,0.37,2,100,0,1,11454,1,11491,51,5,1,90,2024-04-19 10:17:48,1,1
1195,2024-04-19 10:17:52+00:00,857,1,1160.0,3,10M,2.77,7.2,0.7,10.0,1,0.34,2,100,0,1,11490,1,11526,51,5,1,90,2024-04-19 10:17:52,1,1
1208,2024-04-19 10:18:01+00:00,865,1,1074.0,2,10M,2.46,5.37,0.73,10.0,1,0.3,2,100,0,0,11454,0,11491,51,5,1,90,2024-04-19 10:18:01,1,1
1222,2024-04-19 10:18:11+00:00,875,1,1559.67,2,10M,1.98,6.73,0.78,10.0,1,0.24,2,100,0,0,11453,0,11492,51,5,1,90,2024-04-19 10:18:11,1,1
1277,2024-04-19 10:18:50+00:00,913,1,1256.75,3,10M,2.43,6.3,0.77,10.0,1,0.3,2,100,0,0,11454,0,11491,51,5,1,90,2024-04-19 10:18:50,1,1
1296,2024-04-19 10:19:04+00:00,929,1,1369.0,1,10M,2.01,9.0,0.75,10.0,1,0.25,2,100,0,0,11453,0,11492,51,5,1,90,2024-04-19 10:19:04,1,1
1309,2024-04-19 10:19:13+00:00,938,1,1162.0,1,10M,2.47,4.55,0.73,10.0,1,0.3,2,100,0,1,11454,1,11491,51,5,1,90,2024-04-19 10:19:13,1,1
1345,2024-04-19 10:19:37+00:00,960,1,969.5,2,10M,2.98,5.05,0.72,10.0,1,0.36,2,100,0,0,11417,0,11457,51,5,1,90,2024-04-19 10:19:37,1,1
1351,2024-04-19 10:19:41+00:00,966,1,1030.67,1,10M,2.83,8.36,0.71,10.0,1,0.35,2,100,0,0,11525,0,11561,51,5,1,90,2024-04-19 10:19:41,1,1
1368,2024-04-19 10:19:52+00:00,976,1,1089.0,1,10M,2.89,4.53,0.7,10.0,1,0.35,2,100,0,0,11430,0,11464,51,6,1,88,2024-04-19 10:19:52,1,1
1375,2024-04-19 10:19:57+00:00,981,1,1365.0,1,10M,2.55,4.31,0.73,10.0,1,0.31,2,100,0,0,11465,0,11499,51,6,1,88,2024-04-19 10:19:57,1,1
1381,2024-04-19 10:20:01+00:00,985,1,1183.0,1,10M,2.8,4.09,0.73,10.0,1,0.34,2,100,0,0,11417,0,11459,51,6,1,88,2024-04-19 10:20:01,1,1
1394,2024-04-19 10:20:10+00:00,994,1,1336.0,1,10M,2.27,5.78,0.75,10.0,1,0.28,2,100,0,0,11429,0,11464,51,6,1,88,2024-04-19 10:20:10,1,1
1401,2024-04-19 10:20:15+00:00,997,1,1299.5,3,10M,2.63,6.54,0.74,10.0,1,0.32,2,100,0,1,11466,1,11499,51,6,1,88,2024-04-19 10:20:15,1,1
1413,2024-04-19 10:20:23+00:00,1007,1,969.0,1,10M,2.95,4.22,0.72,10.0,1,0.36,2,100,0,0,11430,0,11464,51,6,1,88,2024-04-19 10:20:23,1,1
1419,2024-04-19 10:20:27+00:00,1009,1,1036.0,3,10M,2.9,4.25,0.7,10.0,1,0.35,2,100,0,0,11418,0,11464,51,6,1,88,2024-04-19 10:20:27,1,1
1425,2024-04-19 10:20:31+00:00,1015,1,1166.33,1,10M,2.63,3.88,0.74,10.0,1,0.32,2,100,0,0,11465,0,11499,51,6,1,88,2024-04-19 10:20:31,1,1
1437,2024-04-19 10:20:39+00:00,1021,1,1116.67,2,10M,2.68,5.74,0.74,10.0,1,0.33,2,100,0,0,11465,0,11503,51,6,1,88,2024-04-19 10:20:39,1,1
1444,2024-04-19 10:20:44+00:00,1026,1,1357.0,2,10M,2.58,6.35,0.74,10.0,1,0.31,2,100,0,1,11454,1,11491,51,5,1,90,2024-04-19 10:20:44,1,1
1450,2024-04-19 10:20:48+00:00,1030,1,1234.0,2,10M,2.55,7.6,0.75,10.0,1,0.31,2,100,0,0,11489,0,11526,51,5,1,90,2024-04-19 10:20:48,1,1
1463,2024-04-19 10:20:57+00:00,1039,1,1164.5,2,10M,2.61,5.68,0.73,10.0,1,0.32,2,100,0,0,11488,0,11526,51,5,1,90,2024-04-19 10:20:57,1,1
1480,2024-04-19 10:21:09+00:00,1050,1,1302.0,3,10M,2.77,5.03,0.71,10.0,1,0.34,2,100,0,0,11453,0,11492,51,5,1,90,2024-04-19 10:21:09,1,1
1505,2024-04-19 10:21:26+00:00,1067,1,1140.0,3,10M,3.09,5.01,0.73,10.0,1,0.38,2,100,0,0,11453,0,11492,51,5,1,90,2024-04-19 10:21:26,1,1
1554,2024-04-19 10:22:00+00:00,1100,1,1285.0,2,10M,2.63,5.25,0.73,10.0,1,0.32,2,100,0,0,11453,0,11492,51,5,1,90,2024-04-19 10:22:00,1,1
1578,2024-04-19 10:22:16+00:00,1116,1,1343.0,2,10M,2.62,7.08,0.74,10.0,1,0.32,2,100,0,0,11489,0,11526,51,5,1,90,2024-04-19 10:22:16,1,1
1590,2024-04-19 10:22:24+00:00,1126,1,1117.33,1,10M,2.7,6.58,0.71,10.0,1,0.33,2,100,0,1,11454,1,11491,51,5,1,90,2024-04-19 10:22:24,1,1
1596,2024-04-19 10:22:28+00:00,1129,1,364.0,3,10M,3.54,4.02,0.61,10.0,1,0.43,2,100,0,1,11454,1,11491,51,6,1,88,2024-04-19 10:22:28,1,1
1601,2024-04-19 10:22:31+00:00,1132,1,106.3,3,10M,0.0,4.06,0.0,10.0,1,0.0,2,100,0,2,11656,2,11684,51,19,1,63,2024-04-19 10:22:31,1,1
1607,2024-04-19 10:22:35+00:00,1136,1,147.67,3,10M,0.0,4.06,0.0,10.0,1,0.0,2,100,0,2,2,2,2,51,49,1,5,2024-04-19 10:22:35,1,1
1612,2024-04-19 10:22:38+00:00,1139,1,169.0,3,10M,0.0,4.06,0.0,10.0,1,0.0,2,100,0,2,2,2,2,51,49,1,5,2024-04-19 10:22:38,1,1
21,2024-04-19 10:24:29+00:00,22,2,986.17,1,10M,2.03,7.4,0.7,10.0,2,0.25,2,100,0,0,11489,0,11526,51,5,1,90,2024-04-19 10:24:29,2,1
28,2024-04-19 10:24:34+00:00,27,2,1089.5,1,10M,2.56,5.0,0.75,10.0,2,0.31,2,100,0,0,11453,0,11492,51,5,1,90,2024-04-19 10:24:34,2,1
47,2024-04-19 10:24:47+00:00,35,2,1220.67,3,10M,2.34,9.05,0.74,10.0,2,0.29,2,100,0,0,11489,0,11526,51,5,1,90,2024-04-19 10:24:47,2,1
58,2024-04-19 10:24:56+00:00,46,2,7041.0,2,10M,88.91,67.68,0.75,10.0,2,0.1,2,100,0,0,11453,0,11492,51,5,1,90,2024-04-19 10:24:56,2,1
64,2024-04-19 10:25:01+00:00,49,2,1144.0,3,10M,2.56,5.17,0.74,10.0,2,0.31,2,100,0,1,11454,1,11491,51,5,1,90,2024-04-19 10:25:01,2,1
77,2024-04-19 10:25:10+00:00,60,2,1008.5,2,10M,2.75,5.46,0.75,10.0,2,0.34,2,100,0,0,11488,0,11526,51,5,1,90,2024-04-19 10:25:10,2,1
83,2024-04-19 10:25:14+00:00,67,2,1042.5,1,10M,2.87,7.69,0.72,10.0,2,0.35,2,100,0,1,11454,1,11491,51,5,1,90,2024-04-19 10:25:14,2,1
89,2024-04-19 10:25:18+00:00,68,2,1247.0,2,10M,2.34,6.36,0.73,10.0,2,0.29,2,100,0,0,11454,0,11492,51,5,1,90,2024-04-19 10:25:18,2,1
97,2024-04-19 10:25:24+00:00,71,2,1294.75,3,10M,2.18,10.42,0.74,10.0,2,0.27,2,100,0,1,11490,1,11526,51,5,1,90,2024-04-19 10:25:24,2,1
115,2024-04-19 10:25:36+00:00,88,2,1266.0,1,10M,2.49,3.97,0.75,10.0,2,0.3,1,100,0,1,11490,1,11526,51,5,1,90,2024-04-19 10:25:36,2,1
141,2024-04-19 10:25:54+00:00,101,2,1168.0,3,10M,2.88,4.68,0.72,10.0,2,0.35,2,100,0,0,11454,0,11491,51,5,1,90,2024-04-19 10:25:54,2,1
161,2024-04-19 10:26:08+00:00,115,2,1234.33,3,10M,2.52,8.81,0.74,10.0,2,0.31,2,100,0,0,11454,0,11491,51,5,1,90,2024-04-19 10:26:08,2,1
193,2024-04-19 10:26:30+00:00,136,2,1037.0,3,10M,3.02,5.64,0.73,10.0,2,0.37,2,100,0,1,11490,1,11526,51,5,1,90,2024-04-19 10:26:30,2,1
212,2024-04-19 10:26:45+00:00,156,2,1399.0,1,10M,1.73,11.6,0.83,10.0,2,0.21,2,100,0,1,11454,1,11491,51,5,1,90,2024-04-19 10:26:44,2,1
256,2024-04-19 10:27:17+00:00,182,2,1374.0,3,10M,2.43,7.18,0.74,10.0,2,0.3,2,100,0,0,11488,0,11526,51,5,1,90,2024-04-19 10:27:17,2,1
262,2024-04-19 10:27:21+00:00,186,2,1395.0,3,10M,2.3,6.35,0.75,10.0,2,0.28,2,100,0,1,11454,1,11491,51,5,1,90,2024-04-19 10:27:21,2,1
269,2024-04-19 10:27:26+00:00,194,2,1637.0,2,10M,2.29,6.62,0.75,10.0,2,0.28,2,100,0,0,11454,0,11491,51,5,1,90,2024-04-19 10:27:26,2,1
275,2024-04-19 10:27:30+00:00,200,2,1196.33,1,10M,2.66,5.21,0.73,10.0,2,0.32,2,100,0,0,11489,0,11526,51,5,1,90,2024-04-19 10:27:30,2,1
294,2024-04-19 10:27:43+00:00,208,2,1023.0,3,10M,3.09,7.15,0.7,10.0,2,0.38,2,100,0,1,11490,1,11526,51,5,1,90,2024-04-19 10:27:43,2,1
312,2024-04-19 10:27:55+00:00,220,2,1020.5,3,10M,2.71,5.06,0.72,10.0,2,0.33,2,100,0,0,11453,0,11492,51,5,1,90,2024-04-19 10:27:55,2,1
318,2024-04-19 10:27:59+00:00,226,2,1054.5,2,10M,2.84,4.76,0.74,10.0,2,0.35,2,100,0,0,11454,0,11491,51,5,1,90,2024-04-19 10:27:59,2,1
331,2024-04-19 10:28:08+00:00,232,2,1293.0,3,10M,2.4,6.95,0.75,10.0,2,0.29,2,100,0,0,11488,0,11526,51,5,1,90,2024-04-19 10:28:08,2,1
337,2024-04-19 10:28:12+00:00,239,2,1062.0,2,10M,3.02,4.34,0.72,10.0,2,0.37,2,100,0,0,11465,0,11492,51,5,1,90,2024-04-19 10:28:12,2,1
343,2024-04-19 10:28:16+00:00,245,2,1101.5,1,10M,2.98,4.68,0.71,10.0,2,0.36,2,100,0,0,11453,0,11492,51,5,1,90,2024-04-19 10:28:16,2,1
349,2024-04-19 10:28:20+00:00,244,2,1019.0,3,10M,2.98,6.52,0.7,10.0,2,0.36,2,100,0,1,11490,1,11526,51,5,1,90,2024-04-19 10:28:19,2,1
361,2024-04-19 10:28:28+00:00,257,2,1309.0,1,10M,2.76,8.46,0.73,10.0,2,0.34,2,100,0,0,11453,0,11492,51,5,1,90,2024-04-19 10:28:28,2,1
367,2024-04-19 10:28:32+00:00,256,2,946.0,3,10M,2.95,6.83,0.71,10.0,2,0.36,2,100,0,0,11454,0,11491,51,5,1,90,2024-04-19 10:28:32,2,1
373,2024-04-19 10:28:36+00:00,265,2,1148.5,1,10M,3.11,5.96,0.73,10.0,2,0.38,2,100,0,0,11454,0,11491,51,5,1,90,2024-04-19 10:28:36,2,1
384,2024-04-19 10:28:43+00:00,269,2,1150.33,2,10M,2.77,5.37,0.7,10.0,2,0.34,2,100,0,0,11453,0,11492,51,5,1,90,2024-04-19 10:28:43,2,1
390,2024-04-19 10:28:47+00:00,273,2,867.0,2,10M,2.98,5.79,0.69,10.0,2,0.36,2,100,0,1,11454,1,11491,51,5,1,90,2024-04-19 10:28:47,2,1
396,2024-04-19 10:28:51+00:00,280,2,1089.0,1,10M,3.1,5.07,0.7,10.0,2,0.38,2,100,0,1,11454,1,11491,51,5,1,90,2024-04-19 10:28:51,2,1
402,2024-04-19 10:28:55+00:00,279,2,1177.0,3,10M,2.95,7.41,0.72,10.0,2,0.36,2,100,0,1,11490,1,11526,51,5,1,90,2024-04-19 10:28:55,2,1
414,2024-04-19 10:29:03+00:00,286,2,1206.0,3,10M,2.55,8.09,0.73,10.0,2,0.31,2,100,0,0,11454,0,11491,51,5,1,90,2024-04-19 10:29:03,2,1
438,2024-04-19 10:29:19+00:00,304,2,1092.75,2,10M,2.51,6.24,0.72,10.0,2,0.31,2,100,0,0,11453,0,11492,51,5,1,90,2024-04-19 10:29:19,2,1
444,2024-04-19 10:29:23+00:00,306,2,998.0,3,10M,2.94,5.71,0.72,10.0,2,0.36,2,100,0,1,11454,1,11491,51,5,1,90,2024-04-19 10:29:23,2,1
450,2024-04-19 10:29:27+00:00,310,2,939.5,3,10M,2.78,7.61,0.7,10.0,2,0.34,2,100,0,0,11489,0,11526,51,5,1,90,2024-04-19 10:29:27,2,1
456,2024-04-19 10:29:31+00:00,317,2,1280.0,2,10M,2.62,4.82,0.76,10.0,2,0.32,2,100,0,1,11454,1,11491,51,5,1,90,2024-04-19 10:29:31,2,1
468,2024-04-19 10:29:39+00:00,324,2,1115.5,2,10M,2.73,5.35,0.7,10.0,2,0.33,2,100,0,1,11466,1,11491,51,5,1,90,2024-04-19 10:29:39,2,1
481,2024-04-19 10:29:48+00:00,334,2,1308.0,2,10M,2.16,9.08,0.76,10.0,2,0.26,2,100,0,0,11454,0,11491,51,5,1,90,2024-04-19 10:29:48,2,1
500,2024-04-19 10:30:01+00:00,349,2,947.5,1,10M,2.89,6.61,0.69,10.0,2,0.35,2,100,0,1,11454,1,11491,51,5,1,90,2024-04-19 10:30:01,2,1
506,2024-04-19 10:30:05+00:00,350,2,1025.0,2,10M,2.72,5.9,0.7,10.0,2,0.33,2,100,0,1,11454,1,11491,51,5,1,90,2024-04-19 10:30:05,2,1
512,2024-04-19 10:30:09+00:00,354,2,1298.0,2,10M,2.6,9.63,0.73,10.0,2,0.32,2,100,0,1,11490,1,11526,51,5,1,90,2024-04-19 10:30:09,2,1
519,2024-04-19 10:30:14+00:00,359,2,1244.0,2,10M,2.35,6.7,0.77,10.0,2,0.29,2,100,0,1,11454,1,11491,51,5,1,90,2024-04-19 10:30:14,2,1
531,2024-04-19 10:30:22+00:00,364,2,985.5,3,10M,2.91,6.06,0.69,10.0,2,0.36,2,100,0,0,11559,0,11596,51,5,1,90,2024-04-19 10:30:22,2,1
548,2024-04-19 10:30:33+00:00,375,2,1115.5,3,10M,3.32,6.12,0.71,10.0,2,0.41,2,100,0,0,11453,0,11492,51,5,1,90,2024-04-19 10:30:33,2,1
560,2024-04-19 10:30:41+00:00,386,2,1182.0,2,10M,2.72,5.95,0.72,10.0,2,0.33,2,100,0,0,11501,0,11526,51,5,1,90,2024-04-19 10:30:41,2,1
566,2024-04-19 10:30:45+00:00,387,2,1024.5,3,10M,2.89,4.72,0.7,10.0,2,0.35,2,100,0,0,11454,0,11491,51,5,1,90,2024-04-19 10:30:45,2,1
572,2024-04-19 10:30:49+00:00,396,2,1285.0,1,10M,2.53,6.49,0.74,10.0,2,0.31,2,100,0,1,11454,1,11491,51,5,1,90,2024-04-19 10:30:49,2,1
578,2024-04-19 10:30:53+00:00,397,2,1152.5,2,10M,2.88,6.1,0.73,10.0,2,0.35,2,100,0,0,11453,0,11492,51,5,1,90,2024-04-19 10:30:53,2,1
596,2024-04-19 10:31:05+00:00,406,2,1115.0,3,10M,2.68,6.42,0.73,10.0,2,0.33,2,100,0,0,11454,0,11491,51,5,1,90,2024-04-19 10:31:05,2,1
614,2024-04-19 10:31:18+00:00,422,2,1264.67,2,10M,2.35,10.89,0.76,10.0,2,0.29,2,100,0,0,11489,0,11526,51,5,1,90,2024-04-19 10:31:18,2,1
619,2024-04-19 10:31:22+00:00,429,2,1157.0,1,10M,2.79,5.98,0.73,10.0,2,0.34,2,100,0,2,11455,2,11491,51,5,1,90,2024-04-19 10:31:22,2,1
655,2024-04-19 10:31:46+00:00,450,2,1115.5,2,10M,2.85,5.71,0.71,10.0,2,0.35,2,100,0,0,11488,0,11526,51,5,1,90,2024-04-19 10:31:46,2,1
661,2024-04-19 10:31:50+00:00,456,2,1031.0,1,10M,2.74,6.01,0.7,10.0,2,0.33,2,100,0,1,11454,1,11491,51,5,1,90,2024-04-19 10:31:50,2,1
679,2024-04-19 10:32:02+00:00,468,2,1094.5,1,10M,2.69,6.56,0.73,10.0,2,0.33,2,100,0,0,11453,0,11492,51,5,1,90,2024-04-19 10:32:02,2,1
691,2024-04-19 10:32:10+00:00,476,2,842.0,1,10M,3.17,4.67,0.69,10.0,2,0.39,2,100,0,0,11465,0,11491,51,5,1,90,2024-04-19 10:32:10,2,1
715,2024-04-19 10:32:26+00:00,489,2,1140.67,2,10M,2.59,5.65,0.72,10.0,2,0.32,2,100,0,0,11465,0,11499,51,6,1,88,2024-04-19 10:32:26,2,1
721,2024-04-19 10:32:30+00:00,493,2,1305.0,2,10M,2.55,5.25,0.74,10.0,2,0.31,2,100,0,2,11420,2,11459,51,6,1,88,2024-04-19 10:32:30,2,1
727,2024-04-19 10:32:34+00:00,497,2,1099.5,2,10M,2.76,4.17,0.74,10.0,2,0.34,2,100,0,0,11430,0,11464,51,6,1,88,2024-04-19 10:32:34,2,1
734,2024-04-19 10:32:39+00:00,504,2,1079.0,1,10M,2.42,5.97,0.73,10.0,2,0.3,1,100,0,2,11419,2,11464,51,6,1,88,2024-04-19 10:32:39,2,1
740,2024-04-19 10:32:43+00:00,506,2,1103.0,2,10M,2.83,4.92,0.74,10.0,2,0.34,2,100,0,0,11465,0,11499,51,6,1,88,2024-04-19 10:32:43,2,1
752,2024-04-19 10:32:51+00:00,511,2,1067.0,3,10M,2.98,2.85,0.72,10.0,2,0.36,2,100,0,0,11417,0,11464,51,6,1,88,2024-04-19 10:32:51,2,1
758,2024-04-19 10:32:55+00:00,520,2,1228.67,1,10M,2.75,4.67,0.7,10.0,2,0.34,2,100,0,0,11429,0,11464,51,6,1,88,2024-04-19 10:32:55,2,1
775,2024-04-19 10:33:06+00:00,531,2,974.0,1,10M,3.05,2.75,0.68,10.0,2,0.37,2,100,0,0,11430,0,11464,51,6,1,88,2024-04-19 10:33:06,2,1
787,2024-04-19 10:33:14+00:00,538,2,1173.5,1,10M,2.57,3.8,0.7,10.0,2,0.31,2,100,0,0,11430,0,11464,51,6,1,88,2024-04-19 10:33:14,2,1
805,2024-04-19 10:33:26+00:00,551,2,1140.0,1,10M,2.91,3.97,0.71,10.0,2,0.35,2,100,0,1,11466,1,11499,51,6,1,88,2024-04-19 10:33:26,2,1
812,2024-04-19 10:33:31+00:00,556,2,1186.0,1,10M,2.71,3.33,0.72,10.0,2,0.33,2,100,0,0,11429,0,11464,51,6,1,88,2024-04-19 10:33:31,2,1
835,2024-04-19 10:33:46+00:00,570,2,1077.67,1,10M,2.76,4.8,0.69,10.0,2,0.34,2,100,0,0,11429,0,11464,51,6,1,88,2024-04-19 10:33:46,2,1
841,2024-04-19 10:33:50+00:00,571,2,1190.0,2,10M,2.71,4.03,0.73,10.0,2,0.33,2,100,0,2,11419,2,11459,51,6,1,88,2024-04-19 10:33:50,2,1
859,2024-04-19 10:34:02+00:00,586,2,1071.0,1,10M,2.97,3.48,0.7,10.0,2,0.36,2,100,0,0,11430,0,11464,51,6,1,88,2024-04-19 10:34:02,2,1
865,2024-04-19 10:34:06+00:00,584,2,1005.5,3,10M,2.91,5.01,0.69,10.0,2,0.36,2,100,0,0,11430,0,11459,51,6,1,88,2024-04-19 10:34:06,2,1
883,2024-04-19 10:34:18+00:00,599,2,1169.0,2,10M,2.73,7.93,0.72,10.0,2,0.33,2,100,0,0,11429,0,11464,51,6,1,88,2024-04-19 10:34:18,2,1
889,2024-04-19 10:34:22+00:00,603,2,981.67,2,10M,3.12,4.43,0.69,10.0,2,0.38,2,100,0,1,11419,1,11459,51,6,1,88,2024-04-19 10:34:22,2,1
906,2024-04-19 10:34:34+00:00,618,2,1130.0,1,10M,2.27,7.68,0.75,10.0,2,0.28,2,100,0,0,11429,0,11464,51,6,1,88,2024-04-19 10:34:34,2,1
926,2024-04-19 10:34:48+00:00,628,2,1378.0,2,10M,2.21,5.39,0.76,10.0,2,0.27,2,100,0,0,11465,0,11499,51,6,1,88,2024-04-19 10:34:48,2,1
938,2024-04-19 10:34:56+00:00,639,2,1114.33,1,10M,2.85,4.71,0.73,10.0,2,0.35,2,100,0,1,11431,1,11459,51,6,1,88,2024-04-19 10:34:56,2,1
945,2024-04-19 10:35:01+00:00,641,2,1143.33,2,10M,2.53,4.81,0.76,10.0,2,0.31,2,100,0,0,11429,0,11464,51,6,1,88,2024-04-19 10:35:01,2,1
956,2024-04-19 10:35:08+00:00,651,2,950.5,1,10M,2.66,7.61,0.7,10.0,2,0.33,2,100,0,0,11430,0,11464,51,6,1,88,2024-04-19 10:35:08,2,1
962,2024-04-19 10:35:12+00:00,652,2,982.0,2,10M,2.78,5.91,0.71,10.0,2,0.34,2,100,0,0,11430,0,11459,51,6,1,88,2024-04-19 10:35:12,2,1
980,2024-04-19 10:35:24+00:00,664,2,1184.0,2,10M,2.87,3.61,0.68,10.0,2,0.35,2,100,0,0,11465,0,11499,51,6,1,88,2024-04-19 10:35:24,2,1
992,2024-04-19 10:35:32+00:00,672,2,935.0,2,10M,2.93,5.11,0.71,10.0,2,0.36,2,100,0,1,11431,1,11464,51,6,1,88,2024-04-19 10:35:32,2,1
1031,2024-04-19 10:35:59+00:00,701,2,1446.33,1,10M,2.09,9.83,0.77,10.0,2,0.25,2,100,0,0,11453,0,11499,51,6,1,88,2024-04-19 10:35:59,2,1
1059,2024-04-19 10:36:19+00:00,718,2,1421.33,2,10M,2.07,8.94,0.79,10.0,2,0.25,2,100,0,0,11454,0,11499,51,6,1,88,2024-04-19 10:36:19,2,1
1066,2024-04-19 10:36:24+00:00,725,2,1112.0,1,10M,2.43,5.7,0.76,10.0,2,0.3,2,100,0,2,11431,2,11459,51,6,1,88,2024-04-19 10:36:24,2,1
1081,2024-04-19 10:36:35+00:00,736,2,1635.67,1,10M,2.07,6.44,0.79,10.0,2,0.25,2,100,0,0,11429,0,11464,51,6,1,88,2024-04-19 10:36:35,2,1
1088,2024-04-19 10:36:40+00:00,735,2,1180.5,3,10M,1.97,7.28,0.77,10.0,2,0.24,2,100,0,0,11429,0,11464,51,6,1,88,2024-04-19 10:36:40,2,1
1117,2024-04-19 10:37:01+00:00,762,2,1410.0,1,10M,1.92,7.18,0.79,10.0,2,0.23,2,100,0,0,11465,0,11499,51,6,1,88,2024-04-19 10:37:01,2,1
1139,2024-04-19 10:37:17+00:00,777,2,1375.0,1,10M,2.22,8.82,0.78,10.0,2,0.27,2,100,0,0,11430,0,11464,51,6,1,88,2024-04-19 10:37:17,2,1
1179,2024-04-19 10:37:46+00:00,806,2,1295.0,1,10M,2.42,4.59,0.76,10.0,2,0.3,2,100,0,0,11454,0,11494,51,6,1,88,2024-04-19 10:37:46,2,1
1193,2024-04-19 10:37:56+00:00,816,2,1508.0,1,10M,1.75,9.23,0.8,10.0,2,0.21,2,100,0,0,11429,0,11464,51,6,1,88,2024-04-19 10:37:56,2,1
1201,2024-04-19 10:38:02+00:00,816,2,1437.33,3,10M,1.97,6.06,0.79,10.0,2,0.24,2,100,0,0,11430,0,11464,51,6,1,88,2024-04-19 10:38:02,2,1
1209,2024-04-19 10:38:08+00:00,825,2,1732.0,2,10M,1.75,8.85,0.81,10.0,2,0.21,2,100,0,0,11454,0,11494,51,6,1,88,2024-04-19 10:38:08,2,1
1223,2024-04-19 10:38:18+00:00,832,2,1180.0,3,10M,2.72,4.02,0.72,10.0,2,0.33,2,100,0,0,11430,0,11464,51,6,1,88,2024-04-19 10:38:18,2,1
1250,2024-04-19 10:38:37+00:00,856,2,1344.5,1,10M,2.32,8.92,0.76,10.0,2,0.28,2,100,0,1,11431,1,11464,51,6,1,88,2024-04-19 10:38:37,2,1
1258,2024-04-19 10:38:43+00:00,862,2,1686.5,1,10M,1.86,7.16,0.77,10.0,2,0.23,2,100,0,1,11419,1,11464,51,6,1,88,2024-04-19 10:38:43,2,1
1266,2024-04-19 10:38:49+00:00,861,2,1599.67,3,10M,1.83,7.01,0.78,10.0,2,0.22,2,100,0,1,11431,1,11459,51,6,1,88,2024-04-19 10:38:49,2,1
1297,2024-04-19 10:39:12+00:00,890,2,1422.0,1,10M,2.1,6.03,0.79,10.0,2,0.26,2,100,0,1,11454,1,11494,51,6,1,88,2024-04-19 10:39:12,2,1
1322,2024-04-19 10:39:31+00:00,909,2,1531.0,1,10M,1.68,9.57,0.81,10.0,2,0.21,2,100,0,0,11429,0,11464,51,6,1,88,2024-04-19 10:39:31,2,1
1375,2024-04-19 10:40:11+00:00,948,2,1740.0,1,10M,2.16,6.58,0.8,10.0,2,0.26,2,100,0,0,11430,0,11464,51,6,1,88,2024-04-19 10:40:11,2,1
1382,2024-04-19 10:40:16+00:00,951,2,1191.67,2,10M,2.71,6.14,0.72,10.0,2,0.33,2,100,0,0,11453,0,11499,51,6,1,88,2024-04-19 10:40:16,2,1
1395,2024-04-19 10:40:25+00:00,959,2,1304.0,2,10M,1.98,5.8,0.79,10.0,2,0.24,2,100,0,0,11430,0,11464,51,6,1,88,2024-04-19 10:40:25,2,1
1407,2024-04-19 10:40:33+00:00,967,2,1057.0,2,10M,2.97,3.3,0.68,10.0,2,0.36,2,100,0,0,11465,0,11499,51,6,1,88,2024-04-19 10:40:33,2,1
1413,2024-04-19 10:40:37+00:00,968,2,1074.0,3,10M,3.02,5.18,0.69,10.0,2,0.37,2,100,0,1,11395,1,11425,51,6,1,88,2024-04-19 10:40:37,2,1
1424,2024-04-19 10:40:44+00:00,981,2,1039.0,1,10M,2.63,4.88,0.69,10.0,2,0.32,2,100,0,0,11429,0,11464,51,6,1,88,2024-04-19 10:40:44,2,1
1437,2024-04-19 10:40:53+00:00,989,2,1095.5,1,10M,2.68,5.91,0.7,10.0,2,0.33,2,100,0,1,11419,1,11459,51,6,1,88,2024-04-19 10:40:53,2,1
1462,2024-04-19 10:41:10+00:00,1006,2,1286.33,1,10M,2.39,6.07,0.77,10.0,2,0.29,2,100,0,0,11430,0,11459,51,6,1,88,2024-04-19 10:41:10,2,1
1469,2024-04-19 10:41:15+00:00,1011,2,1403.0,1,10M,2.23,7.42,0.77,10.0,2,0.27,2,100,0,0,11429,0,11464,51,6,1,88,2024-04-19 10:41:15,2,1
1511,2024-04-19 10:41:45+00:00,1038,2,1011.0,2,10M,2.91,4.27,0.73,10.0,2,0.35,2,100,0,0,11418,0,11464,51,6,1,88,2024-04-19 10:41:45,2,1
1531,2024-04-19 10:41:59+00:00,1052,2,1286.5,2,10M,2.54,5.92,0.76,10.0,2,0.31,2,100,0,1,11419,1,11464,51,6,1,88,2024-04-19 10:41:59,2,1
1537,2024-04-19 10:42:03+00:00,1058,2,1167.5,1,10M,2.54,4.88,0.73,10.0,2,0.31,2,100,0,0,11465,0,11499,51,6,1,88,2024-04-19 10:42:03,2,1
1556,2024-04-19 10:42:16+00:00,1071,2,1327.5,1,10M,2.6,5.82,0.77,10.0,2,0.32,2,100,0,0,11430,0,11464,51,6,1,88,2024-04-19 10:42:16,2,1
1567,2024-04-19 10:42:23+00:00,1078,2,998.33,1,10M,3.03,6.03,0.69,10.0,2,0.37,2,100,0,0,11382,0,11425,51,6,1,88,2024-04-19 10:42:23,2,1
1597,2024-04-19 10:42:43+00:00,1098,2,1065.0,1,10M,3.11,5.63,0.71,10.0,2,0.38,2,100,0,0,11429,0,11464,51,6,1,88,2024-04-19 10:42:43,2,1
1617,2024-04-19 10:42:57+00:00,1105,2,1478.5,3,10M,163.87,7.3,0.76,10.0,2,0.22,2,100,0,0,11417,0,11459,51,6,1,88,2024-04-19 10:42:57,2,1
1637,2024-04-19 10:43:11+00:00,1123,2,604.5,2,10M,3.33,3.75,0.69,10.0,2,0.41,2,100,0,0,11454,0,11499,51,6,1,88,2024-04-19 10:43:11,2,1
1644,2024-04-19 10:43:16+00:00,1125,2,362.5,3,10M,0.81,3.57,0.16,10.0,2,0.1,2,100,0,0,13784,0,13820,51,7,1,86,2024-04-19 10:43:16,2,1
1649,2024-04-19 10:43:19+00:00,1128,2,87.5,3,10M,0.0,3.57,0.0,10.0,2,0.0,2,100,0,4,3530,4,3538,51,49,1,5,2024-04-19 10:43:19,2,1
1656,2024-04-19 10:43:24+00:00,1133,2,137.5,3,10M,0.0,3.57,0.0,10.0,2,0.0,2,100,0,2,2,2,2,51,49,1,5,2024-04-19 10:43:24,2,1
1662,2024-04-19 10:43:28+00:00,1137,2,167.33,3,10M,0.0,3.57,0.0,10.0,2,0.0,2,100,0,3,3,3,3,51,49,1,5,2024-04-19 10:43:28,2,1
41,2024-04-19 10:47:06+00:00,40,1,1582.0,1,10M,1.85,9.67,0.81,90.0,1,0.23,1,100,0,0,11500,0,11526,51,5,1,90,2024-04-19 10:47:06,1,1
71,2024-04-19 10:47:28+00:00,57,1,1069.0,3,10M,2.19,7.28,0.79,90.0,1,0.27,1,100,0,0,11453,0,11492,51,5,1,90,2024-04-19 10:47:28,1,1
98,2024-04-19 10:47:49+00:00,77,1,1672.5,3,10M,1.72,10.77,0.82,90.0,1,0.21,1,100,0,0,11465,0,11491,51,5,1,90,2024-04-19 10:47:49,1,1
124,2024-04-19 10:48:09+00:00,97,1,1607.5,3,10M,1.88,8.73,0.82,90.0,1,0.23,1,100,0,0,11454,0,11492,51,5,1,90,2024-04-19 10:48:09,1,1
132,2024-04-19 10:48:15+00:00,108,1,1792.67,1,10M,1.86,9.38,0.83,90.0,1,0.23,1,100,0,2,11454,2,11491,51,5,1,90,2024-04-19 10:48:15,1,1
139,2024-04-19 10:48:20+00:00,111,1,1174.5,2,10M,2.48,6.08,0.78,90.0,1,0.3,1,100,0,0,11489,0,11526,51,5,1,90,2024-04-19 10:48:20,1,1
153,2024-04-19 10:48:30+00:00,120,1,1568.0,2,10M,1.95,8.49,0.81,90.0,1,0.24,1,100,0,0,11453,0,11492,51,5,1,90,2024-04-19 10:48:30,1,1
162,2024-04-19 10:48:37+00:00,125,1,1769.67,3,10M,1.68,11.08,0.82,90.0,1,0.21,1,100,0,1,11454,1,11491,51,5,1,90,2024-04-19 10:48:37,1,1
177,2024-04-19 10:48:48+00:00,136,1,1664.0,3,10M,2.01,8.98,0.78,90.0,1,0.25,1,100,0,0,11454,0,11491,51,5,1,90,2024-04-19 10:48:48,1,1
199,2024-04-19 10:49:04+00:00,156,1,1590.0,1,10M,1.97,7.33,0.81,90.0,1,0.24,1,100,0,0,11454,0,11491,51,5,1,90,2024-04-19 10:49:04,1,1
206,2024-04-19 10:49:09+00:00,161,1,1317.0,1,10M,1.91,7.86,0.79,90.0,1,0.23,1,100,0,0,11453,0,11492,51,5,1,90,2024-04-19 10:49:09,1,1
211,2024-04-19 10:49:13+00:00,163,1,1068.0,2,10M,2.56,3.44,0.72,90.0,1,0.31,1,100,0,0,11453,0,11492,51,5,1,90,2024-04-19 10:49:13,1,1
218,2024-04-19 10:49:19+00:00,166,1,1366.0,3,10M,1.88,10.56,0.8,90.0,1,0.23,1,100,0,0,11454,0,11491,51,5,1,90,2024-04-19 10:49:19,1,1
253,2024-04-19 10:49:44+00:00,193,1,1083.0,2,10M,2.77,3.09,0.71,90.0,1,0.34,1,100,0,1,11490,1,11526,51,5,1,90,2024-04-19 10:49:44,1,1
267,2024-04-19 10:49:54+00:00,206,1,1533.5,1,10M,1.98,7.05,0.81,90.0,1,0.24,1,100,0,0,11454,0,11491,51,5,1,90,2024-04-19 10:49:54,1,1
303,2024-04-19 10:50:20+00:00,226,1,1079.0,3,10M,2.6,6.99,0.76,90.0,1,0.32,1,100,0,0,11489,0,11526,51,5,1,90,2024-04-19 10:50:20,1,1
344,2024-04-19 10:50:49+00:00,255,1,1143.5,3,10M,2.53,4.67,0.73,90.0,1,0.31,1,100,0,0,11453,0,11492,51,5,1,90,2024-04-19 10:50:49,1,1
357,2024-04-19 10:50:58+00:00,264,1,1344.0,3,10M,2.64,7.36,0.78,90.0,1,0.32,1,100,0,0,11489,0,11526,51,5,1,90,2024-04-19 10:50:58,1,1
363,2024-04-19 10:51:02+00:00,270,1,1030.0,2,10M,2.62,5.58,0.72,90.0,1,0.32,1,100,0,0,11454,0,11491,51,5,1,90,2024-04-19 10:51:02,1,1
376,2024-04-19 10:51:11+00:00,281,1,987.0,1,10M,2.81,3.63,0.72,90.0,1,0.34,1,100,0,0,11454,0,11491,51,5,1,90,2024-04-19 10:51:11,1,1
388,2024-04-19 10:51:19+00:00,289,1,1297.0,1,10M,2.77,3.92,0.72,90.0,1,0.34,1,100,0,0,11453,0,11492,51,5,1,90,2024-04-19 10:51:19,1,1
395,2024-04-19 10:51:24+00:00,290,1,1371.67,3,10M,2.22,4.44,0.76,90.0,1,0.27,1,100,0,0,11453,0,11492,51,5,1,90,2024-04-19 10:51:24,1,1
407,2024-04-19 10:51:32+00:00,302,1,1077.67,1,10M,2.96,3.02,0.71,90.0,1,0.36,1,100,0,0,11465,0,11492,51,5,1,90,2024-04-19 10:51:32,1,1
425,2024-04-19 10:51:44+00:00,311,1,1048.5,2,10M,3.04,4.46,0.71,90.0,1,0.37,1,100,0,0,11453,0,11492,51,5,1,90,2024-04-19 10:51:44,1,1
438,2024-04-19 10:51:53+00:00,322,1,1180.0,1,10M,2.76,3.5,0.73,90.0,1,0.34,1,100,0,0,11488,0,11526,51,5,1,90,2024-04-19 10:51:53,1,1
445,2024-04-19 10:51:58+00:00,325,1,1373.0,2,10M,2.48,3.3,0.73,90.0,1,0.3,1,100,0,0,11453,0,11492,51,5,1,90,2024-04-19 10:51:58,1,1
457,2024-04-19 10:52:06+00:00,331,1,1107.0,3,10M,2.8,3.86,0.7,90.0,1,0.34,1,100,0,0,11465,0,11492,51,5,1,90,2024-04-19 10:52:06,1,1
468,2024-04-19 10:52:13+00:00,340,1,1066.0,2,10M,2.79,2.9,0.71,90.0,1,0.34,1,100,0,0,11454,0,11491,51,5,1,90,2024-04-19 10:52:13,1,1
474,2024-04-19 10:52:17+00:00,342,1,953.0,3,10M,3.01,2.85,0.69,90.0,1,0.37,1,100,0,0,11454,0,11492,51,5,1,90,2024-04-19 10:52:17,1,1
504,2024-04-19 10:52:37+00:00,366,1,965.0,1,10M,3.05,2.55,0.72,90.0,1,0.37,1,100,0,0,11465,0,11492,51,5,1,90,2024-04-19 10:52:37,1,1
515,2024-04-19 10:52:44+00:00,373,1,891.0,1,10M,2.84,2.09,0.7,90.0,1,0.35,1,100,0,0,11454,0,11491,51,5,1,90,2024-04-19 10:52:44,1,1
539,2024-04-19 10:53:01+00:00,389,1,1062.0,1,10M,2.73,3.47,0.7,90.0,1,0.33,1,100,0,0,11453,0,11492,51,5,1,90,2024-04-19 10:53:01,1,1
545,2024-04-19 10:53:05+00:00,391,1,1210.0,2,10M,2.68,4.74,0.72,90.0,1,0.33,1,100,0,0,11454,0,11491,51,5,1,90,2024-04-19 10:53:05,1,1
563,2024-04-19 10:53:17+00:00,405,1,1363.0,1,10M,3.01,3.91,0.73,90.0,1,0.37,1,100,0,0,11454,0,11491,51,5,1,90,2024-04-19 10:53:17,1,1
589,2024-04-19 10:53:35+00:00,423,1,1251.5,1,10M,2.54,5.95,0.75,90.0,1,0.31,1,100,0,0,11454,0,11491,51,5,1,90,2024-04-19 10:53:35,1,1
595,2024-04-19 10:53:39+00:00,426,1,1046.0,1,10M,2.49,3.9,0.7,90.0,1,0.3,1,100,0,0,11454,0,11492,51,5,1,90,2024-04-19 10:53:39,1,1
601,2024-04-19 10:53:43+00:00,431,1,859.0,1,10M,2.92,5.19,0.68,90.0,1,0.36,1,100,0,0,11454,0,11492,51,5,1,90,2024-04-19 10:53:43,1,1
613,2024-04-19 10:53:51+00:00,436,1,829.0,2,10M,2.84,1.93,0.67,90.0,1,0.35,1,100,0,0,11465,0,11492,51,5,1,90,2024-04-19 10:53:51,1,1
637,2024-04-19 10:54:07+00:00,451,1,1050.5,2,10M,2.91,3.12,0.7,90.0,1,0.35,1,100,0,0,11454,0,11491,51,5,1,90,2024-04-19 10:54:07,1,1
649,2024-04-19 10:54:15+00:00,458,1,1173.5,3,10M,2.66,7.78,0.74,90.0,1,0.33,1,100,0,0,11453,0,11492,51,5,1,90,2024-04-19 10:54:15,1,1
663,2024-04-19 10:54:25+00:00,472,1,1274.33,1,10M,2.39,8.3,0.77,90.0,1,0.29,1,100,0,2,11444,2,11491,51,5,1,90,2024-04-19 10:54:25,1,1
669,2024-04-19 10:54:29+00:00,471,1,1288.0,3,10M,2.28,6.26,0.77,90.0,1,0.28,1,100,0,1,11466,1,11491,51,5,1,90,2024-04-19 10:54:29,1,1
676,2024-04-19 10:54:34+00:00,478,1,1251.0,2,10M,2.54,4.44,0.76,90.0,1,0.31,1,100,0,0,11454,0,11491,51,5,1,90,2024-04-19 10:54:34,1,1
683,2024-04-19 10:54:39+00:00,486,1,1400.0,1,10M,2.14,6.33,0.76,90.0,1,0.26,1,100,0,0,11489,0,11526,51,5,1,90,2024-04-19 10:54:39,1,1
710,2024-04-19 10:54:58+00:00,500,1,1159.5,3,10M,2.63,4.93,0.72,90.0,1,0.32,1,100,0,0,11488,0,11526,51,5,1,90,2024-04-19 10:54:58,1,1
735,2024-04-19 10:55:15+00:00,521,1,1229.0,1,10M,2.78,4.63,0.73,90.0,1,0.34,1,100,0,0,11488,0,11526,51,5,1,90,2024-04-19 10:55:15,1,1
741,2024-04-19 10:55:19+00:00,520,1,1238.67,3,10M,2.42,5.43,0.73,90.0,1,0.3,1,100,0,0,11454,0,11491,51,5,1,90,2024-04-19 10:55:19,1,1
747,2024-04-19 10:55:23+00:00,529,1,1049.0,1,10M,2.85,4.22,0.72,90.0,1,0.35,1,100,0,0,11454,0,11492,51,5,1,90,2024-04-19 10:55:23,1,1
754,2024-04-19 10:55:28+00:00,534,1,1418.0,1,10M,2.66,4.69,0.72,90.0,1,0.32,1,100,0,0,11489,0,11526,51,5,1,90,2024-04-19 10:55:28,1,1
760,2024-04-19 10:55:32+00:00,533,1,1114.5,3,10M,2.55,6.18,0.73,90.0,1,0.31,1,100,0,0,11454,0,11491,51,5,1,90,2024-04-19 10:55:32,1,1
766,2024-04-19 10:55:36+00:00,537,1,1015.0,3,10M,2.54,4.13,0.72,90.0,1,0.31,1,100,0,0,11453,0,11492,51,5,1,90,2024-04-19 10:55:36,1,1
785,2024-04-19 10:55:49+00:00,555,1,1313.0,1,10M,2.52,5.75,0.74,90.0,1,0.31,1,100,0,1,11490,1,11526,51,5,1,90,2024-04-19 10:55:49,1,1
791,2024-04-19 10:55:53+00:00,559,1,1270.5,1,10M,2.59,3.31,0.72,90.0,1,0.32,1,100,0,0,11454,0,11491,51,5,1,90,2024-04-19 10:55:53,1,1
798,2024-04-19 10:55:58+00:00,560,1,1283.0,2,10M,2.48,4.94,0.72,90.0,1,0.3,1,100,0,0,11454,0,11491,51,5,1,90,2024-04-19 10:55:58,1,1
825,2024-04-19 10:56:17+00:00,582,1,1122.33,1,10M,2.66,7.63,0.72,90.0,1,0.32,1,100,0,2,11455,2,11491,51,5,1,90,2024-04-19 10:56:17,1,1
832,2024-04-19 10:56:22+00:00,584,1,1197.0,2,10M,2.62,4.94,0.74,90.0,1,0.32,1,100,0,0,11454,0,11491,51,5,1,90,2024-04-19 10:56:21,1,1
844,2024-04-19 10:56:30+00:00,592,1,1242.67,2,10M,2.61,4.58,0.75,90.0,1,0.32,1,100,0,0,11454,0,11491,51,5,1,90,2024-04-19 10:56:30,1,1
851,2024-04-19 10:56:36+00:00,601,1,1585.33,1,10M,2.08,9.5,0.79,90.0,1,0.25,1,100,0,0,11454,0,11491,51,5,1,90,2024-04-19 10:56:36,1,1
857,2024-04-19 10:56:40+00:00,601,1,1293.5,3,10M,2.42,5.93,0.76,90.0,1,0.3,1,100,0,0,11465,0,11492,51,5,1,90,2024-04-19 10:56:40,1,1
870,2024-04-19 10:56:49+00:00,610,1,1067.0,2,10M,2.6,5.63,0.73,90.0,1,0.32,1,100,0,0,11453,0,11492,51,5,1,90,2024-04-19 10:56:49,1,1
890,2024-04-19 10:57:04+00:00,629,1,1497.5,1,10M,2.08,4.95,0.75,90.0,1,0.25,1,100,0,0,11488,0,11526,51,5,1,90,2024-04-19 10:57:04,1,1
910,2024-04-19 10:57:18+00:00,642,1,1341.0,1,10M,2.21,8.71,0.76,90.0,1,0.27,1,100,0,0,11465,0,11491,51,5,1,90,2024-04-19 10:57:18,1,1
924,2024-04-19 10:57:28+00:00,649,1,1315.0,2,10M,2.46,5.74,0.76,90.0,1,0.3,1,100,0,0,11453,0,11492,51,5,1,90,2024-04-19 10:57:28,1,1
930,2024-04-19 10:57:32+00:00,652,1,1270.0,3,10M,2.51,5.7,0.71,90.0,1,0.31,1,100,0,1,11454,1,11491,51,5,1,90,2024-04-19 10:57:32,1,1
936,2024-04-19 10:57:36+00:00,660,1,1155.5,1,10M,2.69,4.88,0.74,90.0,1,0.33,1,100,0,0,11454,0,11491,51,5,1,90,2024-04-19 10:57:36,1,1
942,2024-04-19 10:57:41+00:00,662,1,1251.0,2,10M,2.39,7.98,0.8,90.0,1,0.29,1,100,0,0,11489,0,11526,51,5,1,90,2024-04-19 10:57:41,1,1
955,2024-04-19 10:57:50+00:00,669,1,1104.5,3,10M,2.61,4.96,0.74,90.0,1,0.32,1,100,0,1,11454,1,11491,51,5,1,90,2024-04-19 10:57:50,1,1
961,2024-04-19 10:57:54+00:00,677,1,1049.0,1,10M,2.84,3.74,0.72,90.0,1,0.35,1,100,0,0,11488,0,11526,51,5,1,90,2024-04-19 10:57:54,1,1
967,2024-04-19 10:57:58+00:00,679,1,1055.0,2,10M,2.74,5.34,0.72,90.0,1,0.33,1,100,0,0,11488,0,11522,51,5,1,90,2024-04-19 10:57:58,1,1
973,2024-04-19 10:58:02+00:00,682,1,1036.33,2,10M,2.78,6.13,0.69,90.0,1,0.34,1,100,0,0,11430,0,11464,51,6,1,88,2024-04-19 10:58:02,1,1
979,2024-04-19 10:58:06+00:00,685,1,1264.0,3,10M,2.47,7.73,0.74,90.0,1,0.3,1,100,0,2,11419,2,11464,51,6,1,88,2024-04-19 10:58:06,1,1
993,2024-04-19 10:58:16+00:00,699,1,1460.67,1,10M,2.31,5.79,0.77,90.0,1,0.28,1,100,0,0,11465,0,11499,51,6,1,88,2024-04-19 10:58:15,1,1
1012,2024-04-19 10:58:29+00:00,712,1,1479.0,1,10M,2.07,7.3,0.8,90.0,1,0.25,1,100,0,0,11465,0,11494,51,6,1,88,2024-04-19 10:58:29,1,1
1038,2024-04-19 10:58:47+00:00,726,1,969.5,2,10M,2.79,6.23,0.7,90.0,1,0.34,1,100,0,0,11465,0,11494,51,6,1,88,2024-04-19 10:58:47,1,1
1069,2024-04-19 10:59:08+00:00,750,1,1151.0,1,10M,2.49,9.56,0.74,90.0,1,0.3,1,100,0,2,11467,2,11499,51,6,1,88,2024-04-19 10:59:08,1,1
1075,2024-04-19 10:59:12+00:00,751,1,1009.0,2,10M,3.02,4.68,0.69,90.0,1,0.37,1,100,0,0,11430,0,11464,51,6,1,88,2024-04-19 10:59:12,1,1
1112,2024-04-19 10:59:38+00:00,779,1,1140.0,1,10M,2.58,7.86,0.72,90.0,1,0.31,1,100,0,0,11430,0,11459,51,6,1,88,2024-04-19 10:59:38,1,1
1136,2024-04-19 10:59:54+00:00,793,1,1356.0,2,10M,2.6,6.66,0.75,90.0,1,0.32,1,100,0,0,11418,0,11459,51,6,1,88,2024-04-19 10:59:54,1,1
1142,2024-04-19 10:59:59+00:00,797,1,1102.5,2,10M,2.77,5.7,0.71,90.0,1,0.34,1,100,0,0,11465,0,11499,51,6,1,88,2024-04-19 10:59:58,1,1
1148,2024-04-19 11:00:03+00:00,801,1,1156.5,2,10M,2.51,7.29,0.75,90.0,1,0.31,1,100,0,1,11431,1,11464,51,6,1,88,2024-04-19 11:00:03,1,1
1154,2024-04-19 11:00:07+00:00,804,1,1134.5,3,10M,2.65,5.67,0.7,90.0,1,0.32,1,100,0,2,11431,2,11464,51,6,1,88,2024-04-19 11:00:07,1,1
1178,2024-04-19 11:00:23+00:00,820,1,1070.5,3,10M,3.0,3.92,0.7,90.0,1,0.37,1,100,0,0,11429,0,11464,51,6,1,88,2024-04-19 11:00:23,1,1
1184,2024-04-19 11:00:27+00:00,828,1,1052.0,1,10M,2.75,4.35,0.72,90.0,1,0.34,1,100,0,1,11419,1,11459,51,6,1,88,2024-04-19 11:00:27,1,1
1196,2024-04-19 11:00:35+00:00,832,1,1012.5,3,10M,2.79,7.85,0.7,90.0,1,0.34,1,100,0,0,11453,0,11492,51,5,1,90,2024-04-19 11:00:35,1,1
1214,2024-04-19 11:00:47+00:00,845,1,1091.0,2,10M,2.7,5.51,0.71,90.0,1,0.33,1,100,0,0,11453,0,11492,51,5,1,90,2024-04-19 11:00:47,1,1
1226,2024-04-19 11:00:55+00:00,852,1,966.0,2,10M,2.85,3.86,0.72,90.0,1,0.35,1,100,0,0,11454,0,11491,51,5,1,90,2024-04-19 11:00:55,1,1
1232,2024-04-19 11:00:59+00:00,856,1,1108.0,2,10M,2.82,3.62,0.71,90.0,1,0.34,1,100,0,0,11454,0,11491,51,5,1,90,2024-04-19 11:00:59,1,1
1245,2024-04-19 11:01:08+00:00,868,1,928.0,1,10M,2.48,5.2,0.74,90.0,1,0.3,1,100,0,0,11453,0,11492,51,5,1,90,2024-04-19 11:01:08,1,1
1251,2024-04-19 11:01:12+00:00,868,1,1195.0,3,10M,2.52,6.64,0.74,90.0,1,0.31,1,100,0,0,11453,0,11492,51,5,1,90,2024-04-19 11:01:12,1,1
1282,2024-04-19 11:01:35+00:00,891,1,1440.5,3,10M,2.01,7.06,0.78,90.0,1,0.24,1,100,0,1,11454,1,11491,51,5,1,90,2024-04-19 11:01:35,1,1
1295,2024-04-19 11:01:45+00:00,901,1,1599.0,3,10M,2.42,7.84,0.77,90.0,1,0.29,1,100,0,0,11453,0,11492,51,5,1,90,2024-04-19 11:01:45,1,1
1310,2024-04-19 11:01:56+00:00,912,1,1598.5,2,10M,2.06,10.89,0.76,90.0,1,0.25,1,100,0,0,11454,0,11492,51,5,1,90,2024-04-19 11:01:56,1,1
1317,2024-04-19 11:02:01+00:00,917,1,1416.0,2,10M,2.04,9.41,0.79,90.0,1,0.25,1,100,0,0,11454,0,11491,51,5,1,90,2024-04-19 11:02:01,1,1
1343,2024-04-19 11:02:20+00:00,939,1,1273.0,1,10M,2.35,7.42,0.75,90.0,1,0.29,1,100,0,0,11454,0,11491,51,5,1,90,2024-04-19 11:02:20,1,1
1357,2024-04-19 11:02:30+00:00,945,1,1245.67,2,10M,2.32,10.11,0.76,90.0,1,0.28,1,100,0,0,11453,0,11492,51,5,1,90,2024-04-19 11:02:30,1,1
1385,2024-04-19 11:02:50+00:00,964,1,1492.0,2,10M,2.06,7.82,0.77,90.0,1,0.25,1,100,0,0,11454,0,11491,51,5,1,90,2024-04-19 11:02:50,1,1
1414,2024-04-19 11:03:11+00:00,985,1,1556.0,3,10M,1.91,6.77,0.79,90.0,1,0.23,1,100,0,0,11489,0,11526,51,5,1,90,2024-04-19 11:03:11,1,1
1429,2024-04-19 11:03:22+00:00,996,1,1338.5,2,10M,2.22,6.86,0.78,90.0,1,0.27,1,100,0,1,11454,1,11491,51,5,1,90,2024-04-19 11:03:22,1,1
1437,2024-04-19 11:03:28+00:00,1001,1,1735.0,3,10M,1.82,7.49,0.81,90.0,1,0.22,1,100,0,0,11454,0,11491,51,5,1,90,2024-04-19 11:03:28,1,1
1453,2024-04-19 11:03:40+00:00,1014,1,1694.0,2,10M,1.84,10.53,0.82,90.0,1,0.22,1,100,0,0,11454,0,11491,51,5,1,90,2024-04-19 11:03:40,1,1
1530,2024-04-19 11:04:37+00:00,1070,1,1630.5,2,10M,1.85,13.04,0.8,90.0,1,0.23,1,100,0,0,11453,0,11492,51,5,1,90,2024-04-19 11:04:37,1,1
1546,2024-04-19 11:04:49+00:00,1085,1,1941.0,1,10M,1.84,9.67,0.81,90.0,1,0.22,1,100,0,0,11453,0,11492,51,5,1,90,2024-04-19 11:04:49,1,1
1553,2024-04-19 11:04:54+00:00,1087,1,1769.0,2,10M,2.12,5.36,0.8,90.0,1,0.26,1,100,0,0,11454,0,11491,51,5,1,90,2024-04-19 11:04:54,1,1
1574,2024-04-19 11:05:09+00:00,1101,1,1546.0,2,10M,2.1,5.94,0.76,90.0,1,0.26,1,100,0,0,11454,0,11491,51,5,1,90,2024-04-19 11:05:09,1,1
1581,2024-04-19 11:05:15+00:00,1107,1,1465.5,2,10M,2.15,7.1,0.78,90.0,1,0.26,1,100,0,1,11454,1,11491,51,5,1,90,2024-04-19 11:05:15,1,1
1595,2024-04-19 11:05:26+00:00,1120,1,380.5,2,10M,0.34,16.2,0.2,90.0,1,0.04,1,100,0,0,12447,0,12494,51,5,1,90,2024-04-19 11:05:26,1,1
1601,2024-04-19 11:05:30+00:00,1124,1,106.23,2,10M,0.0,16.2,0.0,90.0,1,0.0,1,100,0,4,2015,4,2012,51,8,1,84,2024-04-19 11:05:30,1,1
1608,2024-04-19 11:05:35+00:00,1129,1,309.5,2,10M,0.0,16.2,0.0,90.0,1,0.0,1,100,0,3,3,2,3,51,49,1,5,2024-04-19 11:05:35,1,1
13,2024-04-19 11:06:49+00:00,21,2,1142.5,1,10M,112.66,9.75,0.55,90.0,2,0.14,3,100,0,2,11455,2,11491,51,5,1,90,2024-04-19 11:06:49,2,1
28,2024-04-19 11:07:00+00:00,26,2,1346.0,2,10M,2.3,4.58,0.75,90.0,2,0.28,3,100,0,0,11453,0,11492,51,5,1,90,2024-04-19 11:07:00,2,1
34,2024-04-19 11:07:04+00:00,30,2,1267.5,2,10M,2.41,4.51,0.73,90.0,2,0.29,3,100,0,2,11455,2,11491,51,5,1,90,2024-04-19 11:07:04,2,1
47,2024-04-19 11:07:13+00:00,34,2,1085.0,3,10M,2.82,3.75,0.74,90.0,2,0.34,3,100,0,0,11454,0,11491,51,5,1,90,2024-04-19 11:07:13,2,1
52,2024-04-19 11:07:16+00:00,47,2,1043.5,1,10M,2.84,5.06,0.69,90.0,2,0.35,3,100,0,0,11453,0,11492,51,5,1,90,2024-04-19 11:07:16,2,1
58,2024-04-19 11:07:20+00:00,51,2,1021.0,1,10M,2.76,3.8,0.7,90.0,2,0.34,3,100,0,0,11489,0,11526,51,5,1,90,2024-04-19 11:07:20,2,1
65,2024-04-19 11:07:25+00:00,45,2,1132.0,3,10M,2.63,5.74,0.71,90.0,2,0.32,3,100,0,0,11418,0,11457,51,5,1,90,2024-04-19 11:07:25,2,1
90,2024-04-19 11:07:42+00:00,67,2,1260.0,2,10M,2.88,3.94,0.71,90.0,2,0.35,3,100,0,0,11489,0,11526,51,5,1,90,2024-04-19 11:07:42,2,1
108,2024-04-19 11:07:54+00:00,85,2,1087.0,1,10M,2.94,4.82,0.71,90.0,2,0.36,3,100,0,0,11454,0,11491,51,5,1,90,2024-04-19 11:07:54,2,1
119,2024-04-19 11:08:02+00:00,93,2,896.0,1,10M,2.87,7.11,0.71,90.0,2,0.35,3,100,0,1,11419,1,11464,51,6,1,88,2024-04-19 11:08:02,2,1
125,2024-04-19 11:08:06+00:00,86,2,1167.0,3,10M,2.58,7.52,0.74,90.0,2,0.31,3,100,0,1,11466,1,11499,51,6,1,88,2024-04-19 11:08:06,2,1
138,2024-04-19 11:08:15+00:00,95,2,1320.0,3,10M,2.32,7.51,0.74,90.0,2,0.28,3,100,0,0,11430,0,11464,51,6,1,88,2024-04-19 11:08:15,2,1
144,2024-04-19 11:08:19+00:00,98,2,1111.5,3,10M,2.63,6.57,0.75,90.0,2,0.32,3,100,0,0,11429,0,11464,51,6,1,88,2024-04-19 11:08:19,2,1
163,2024-04-19 11:08:32+00:00,112,2,1058.0,3,10M,3.05,5.45,0.7,90.0,2,0.37,3,100,0,0,11430,0,11464,51,6,1,88,2024-04-19 11:08:32,2,1
169,2024-04-19 11:08:36+00:00,126,2,1199.0,1,10M,2.55,6.78,0.73,90.0,2,0.31,3,100,0,0,11429,0,11464,51,6,1,88,2024-04-19 11:08:36,2,1
174,2024-04-19 11:08:39+00:00,129,2,898.0,1,10M,3.27,4.67,0.7,90.0,2,0.4,3,100,0,1,11454,1,11499,51,6,1,88,2024-04-19 11:08:39,2,1
185,2024-04-19 11:08:47+00:00,131,2,1182.0,2,10M,2.95,6.09,0.7,90.0,2,0.36,3,100,0,0,11429,0,11464,51,6,1,88,2024-04-19 11:08:47,2,1
203,2024-04-19 11:08:59+00:00,149,2,1163.0,1,10M,2.94,2.91,0.7,90.0,2,0.36,3,100,0,0,11429,0,11459,51,6,1,88,2024-04-19 11:08:59,2,1
209,2024-04-19 11:09:03+00:00,147,2,1036.5,2,10M,2.86,5.79,0.72,90.0,2,0.35,3,100,0,1,11419,1,11464,51,6,1,88,2024-04-19 11:09:03,2,1
215,2024-04-19 11:09:07+00:00,157,2,1096.0,1,10M,2.88,7.89,0.68,90.0,2,0.35,3,100,0,0,11465,0,11499,51,6,1,88,2024-04-19 11:09:07,2,1
220,2024-04-19 11:09:10+00:00,154,2,887.0,2,10M,3.06,4.56,0.69,90.0,2,0.37,3,100,0,0,11430,0,11464,51,6,1,88,2024-04-19 11:09:10,2,1
227,2024-04-19 11:09:15+00:00,165,2,1319.5,1,10M,2.46,4.31,0.72,90.0,2,0.3,3,100,0,1,11419,1,11459,51,6,1,88,2024-04-19 11:09:15,2,1
238,2024-04-19 11:09:22+00:00,161,2,1249.33,3,10M,2.64,5.51,0.68,90.0,2,0.32,3,100,0,0,11429,0,11464,51,6,1,88,2024-04-19 11:09:22,2,1
245,2024-04-19 11:09:27+00:00,166,2,1037.5,3,10M,2.74,5.75,0.69,90.0,2,0.33,3,100,0,0,11430,0,11464,51,6,1,88,2024-04-19 11:09:26,2,1
250,2024-04-19 11:09:30+00:00,173,2,992.0,2,10M,3.09,4.5,0.7,90.0,2,0.38,3,100,0,0,11418,0,11459,51,6,1,88,2024-04-19 11:09:30,2,1
262,2024-04-19 11:09:38+00:00,187,2,1101.0,1,10M,2.92,5.44,0.72,90.0,2,0.36,3,100,0,1,11419,1,11464,51,6,1,88,2024-04-19 11:09:38,2,1
268,2024-04-19 11:09:42+00:00,191,2,1042.0,1,10M,2.84,5.25,0.69,90.0,2,0.35,3,100,0,0,11430,0,11464,51,6,1,88,2024-04-19 11:09:42,2,1
279,2024-04-19 11:09:49+00:00,192,2,1086.5,2,10M,2.96,3.62,0.71,90.0,2,0.36,3,100,0,0,11418,0,11464,51,6,1,88,2024-04-19 11:09:49,2,1
328,2024-04-19 11:10:22+00:00,230,2,1018.0,1,10M,2.82,7.58,0.71,90.0,2,0.34,3,100,0,0,11465,0,11499,51,6,1,88,2024-04-19 11:10:22,2,1
340,2024-04-19 11:10:30+00:00,227,2,1127.0,3,10M,2.86,8.04,0.67,90.0,2,0.35,3,100,0,0,11429,0,11464,51,6,1,88,2024-04-19 11:10:30,2,1
346,2024-04-19 11:10:34+00:00,231,2,995.5,3,10M,2.98,4.59,0.7,90.0,2,0.36,3,100,0,0,11418,0,11459,51,6,1,88,2024-04-19 11:10:34,2,1
352,2024-04-19 11:10:38+00:00,235,2,907.0,3,10M,3.24,3.27,0.7,90.0,2,0.4,3,100,0,0,11465,0,11499,51,6,1,88,2024-04-19 11:10:38,2,1
370,2024-04-19 11:10:50+00:00,258,2,1321.0,1,10M,2.43,7.78,0.71,90.0,2,0.3,3,100,0,0,11418,0,11459,51,6,1,88,2024-04-19 11:10:50,2,1
376,2024-04-19 11:10:54+00:00,256,2,1042.0,2,10M,3.05,5.02,0.73,90.0,2,0.37,3,100,0,0,11465,0,11499,51,6,1,88,2024-04-19 11:10:54,2,1
406,2024-04-19 11:11:14+00:00,275,2,1059.33,2,10M,3.03,4.99,0.72,90.0,2,0.37,3,100,0,0,11454,0,11499,51,6,1,88,2024-04-19 11:11:14,2,1
412,2024-04-19 11:11:18+00:00,279,2,915.0,2,10M,3.2,5.32,0.7,90.0,2,0.39,3,100,0,1,11431,1,11464,51,6,1,88,2024-04-19 11:11:18,2,1
424,2024-04-19 11:11:26+00:00,293,2,1184.0,1,10M,2.54,6.72,0.72,90.0,2,0.31,3,100,0,0,11453,0,11499,51,6,1,88,2024-04-19 11:11:26,2,1
437,2024-04-19 11:11:35+00:00,296,2,1149.75,2,10M,2.64,7.52,0.73,90.0,2,0.32,3,100,0,1,11431,1,11464,51,6,1,88,2024-04-19 11:11:35,2,1
443,2024-04-19 11:11:39+00:00,306,2,966.0,1,10M,3.06,5.04,0.72,90.0,2,0.37,3,100,0,0,11418,0,11459,51,6,1,88,2024-04-19 11:11:39,2,1
454,2024-04-19 11:11:47+00:00,303,2,1088.5,3,10M,2.62,6.74,0.73,90.0,2,0.32,3,100,0,0,11465,0,11499,51,6,1,88,2024-04-19 11:11:47,2,1
472,2024-04-19 11:11:59+00:00,326,2,1501.0,1,10M,2.65,6.23,0.72,90.0,2,0.32,3,100,0,0,11465,0,11499,51,6,1,88,2024-04-19 11:11:59,2,1
513,2024-04-19 11:12:29+00:00,345,2,1482.0,3,10M,1.95,10.56,0.84,90.0,2,0.24,3,100,0,0,11429,0,11464,51,6,1,88,2024-04-19 11:12:29,2,1
519,2024-04-19 11:12:33+00:00,348,2,1185.0,3,10M,2.97,5.0,0.68,90.0,2,0.36,3,100,0,0,11430,0,11459,51,6,1,88,2024-04-19 11:12:33,2,1
525,2024-04-19 11:12:37+00:00,363,2,1185.5,1,10M,2.68,5.59,0.75,90.0,2,0.33,3,100,0,0,11454,0,11499,51,6,1,88,2024-04-19 11:12:37,2,1
537,2024-04-19 11:12:45+00:00,364,2,1284.0,2,10M,2.67,5.71,0.71,90.0,2,0.33,3,100,0,1,11431,1,11464,51,6,1,88,2024-04-19 11:12:45,2,1
549,2024-04-19 11:12:54+00:00,380,2,1090.25,1,10M,2.74,6.45,0.73,90.0,2,0.33,3,100,0,0,11430,0,11464,51,6,1,88,2024-04-19 11:12:54,2,1
582,2024-04-19 11:13:18+00:00,392,2,1434.0,3,10M,1.99,7.06,0.79,90.0,2,0.24,3,100,0,0,11453,0,11492,51,5,1,90,2024-04-19 11:13:18,2,1
608,2024-04-19 11:13:36+00:00,421,2,1100.5,1,10M,2.92,4.2,0.76,90.0,2,0.36,3,100,0,1,11454,1,11491,51,5,1,90,2024-04-19 11:13:36,2,1
622,2024-04-19 11:13:46+00:00,430,2,1349.0,1,10M,2.15,7.07,0.8,90.0,2,0.26,3,100,0,0,11500,0,11526,51,5,1,90,2024-04-19 11:13:46,2,1
635,2024-04-19 11:13:56+00:00,441,2,1202.33,1,10M,2.5,6.55,0.75,90.0,2,0.3,3,100,0,0,11489,0,11526,51,5,1,90,2024-04-19 11:13:56,2,1
650,2024-04-19 11:14:07+00:00,441,2,1872.5,3,10M,1.65,9.41,0.83,90.0,2,0.2,3,100,0,0,11488,0,11526,51,5,1,90,2024-04-19 11:14:07,2,1
658,2024-04-19 11:14:13+00:00,457,2,1488.5,1,10M,2.05,8.12,0.76,90.0,2,0.25,3,100,0,0,11453,0,11492,51,5,1,90,2024-04-19 11:14:13,2,1
708,2024-04-19 11:14:47+00:00,480,2,1291.33,3,10M,2.48,5.34,0.75,90.0,2,0.3,3,100,0,0,11454,0,11491,51,5,1,90,2024-04-19 11:14:47,2,1
714,2024-04-19 11:14:51+00:00,488,2,1080.5,2,10M,3.0,4.97,0.71,90.0,2,0.37,3,100,0,0,11488,0,11526,51,5,1,90,2024-04-19 11:14:51,2,1
746,2024-04-19 11:15:14+00:00,517,2,1426.0,1,10M,2.15,7.05,0.8,90.0,2,0.26,3,100,0,1,11454,1,11491,51,5,1,90,2024-04-19 11:15:14,2,1
753,2024-04-19 11:15:19+00:00,511,2,1197.67,3,10M,2.47,6.38,0.77,90.0,2,0.3,3,100,0,0,11500,0,11526,51,5,1,90,2024-04-19 11:15:19,2,1
759,2024-04-19 11:15:23+00:00,527,2,1030.0,1,10M,2.88,5.61,0.69,90.0,2,0.35,3,100,0,0,11453,0,11492,51,5,1,90,2024-04-19 11:15:23,2,1
765,2024-04-19 11:15:27+00:00,530,2,1304.5,1,10M,2.51,6.45,0.73,90.0,2,0.31,3,100,0,0,11488,0,11526,51,5,1,90,2024-04-19 11:15:27,2,1
804,2024-04-19 11:15:55+00:00,547,2,1137.0,3,10M,2.46,5.05,0.76,90.0,2,0.3,3,100,0,0,11489,0,11526,51,5,1,90,2024-04-19 11:15:55,2,1
830,2024-04-19 11:16:13+00:00,575,2,1267.0,1,10M,2.47,4.56,0.78,90.0,2,0.3,3,100,0,0,11489,0,11526,51,5,1,90,2024-04-19 11:16:13,2,1
836,2024-04-19 11:16:17+00:00,573,2,1104.33,2,10M,2.59,6.24,0.74,90.0,2,0.32,3,100,0,0,11454,0,11491,51,5,1,90,2024-04-19 11:16:17,2,1
860,2024-04-19 11:16:34+00:00,585,2,1085.67,3,10M,2.81,3.2,0.71,90.0,2,0.34,3,100,0,1,11454,1,11491,51,5,1,90,2024-04-19 11:16:34,2,1
866,2024-04-19 11:16:38+00:00,589,2,981.5,3,10M,2.96,4.48,0.7,90.0,2,0.36,3,100,0,1,11454,1,11491,51,5,1,90,2024-04-19 11:16:38,2,1
872,2024-04-19 11:16:42+00:00,593,2,1111.5,3,10M,2.79,3.69,0.71,90.0,2,0.34,3,100,0,0,11489,0,11526,51,5,1,90,2024-04-19 11:16:42,2,1
884,2024-04-19 11:16:50+00:00,601,2,1139.67,3,10M,2.65,5.33,0.72,90.0,2,0.32,3,100,0,2,11455,2,11491,51,5,1,90,2024-04-19 11:16:50,2,1
890,2024-04-19 11:16:54+00:00,616,2,1125.5,1,10M,2.71,4.44,0.7,90.0,2,0.33,3,100,0,0,11454,0,11491,51,5,1,90,2024-04-19 11:16:54,2,1
895,2024-04-19 11:16:57+00:00,608,2,1136.0,3,10M,2.89,3.56,0.7,90.0,2,0.35,3,100,0,0,11489,0,11526,51,5,1,90,2024-04-19 11:16:57,2,1
907,2024-04-19 11:17:06+00:00,617,2,1156.0,3,10M,2.89,3.26,0.7,90.0,2,0.35,3,100,0,0,11453,0,11492,51,5,1,90,2024-04-19 11:17:06,2,1
919,2024-04-19 11:17:14+00:00,624,2,882.0,3,10M,2.95,2.93,0.69,90.0,2,0.36,3,100,0,0,11488,0,11526,51,5,1,90,2024-04-19 11:17:14,2,1
931,2024-04-19 11:17:22+00:00,643,2,1293.0,1,10M,2.72,6.25,0.7,90.0,2,0.33,3,100,0,0,11453,0,11492,51,5,1,90,2024-04-19 11:17:22,2,1
949,2024-04-19 11:17:35+00:00,645,2,1027.0,3,10M,2.77,5.37,0.7,90.0,2,0.34,3,100,0,0,11453,0,11492,51,5,1,90,2024-04-19 11:17:34,2,1
955,2024-04-19 11:17:39+00:00,653,2,1473.5,2,10M,2.3,5.3,0.74,90.0,2,0.28,3,100,0,0,11465,0,11492,51,5,1,90,2024-04-19 11:17:39,2,1
962,2024-04-19 11:17:44+00:00,658,2,1172.0,2,10M,2.58,5.05,0.76,90.0,2,0.32,3,100,0,1,11490,1,11526,51,5,1,90,2024-04-19 11:17:44,2,1
968,2024-04-19 11:17:48+00:00,658,2,938.0,3,10M,2.92,5.87,0.72,90.0,2,0.36,3,100,0,0,11418,0,11457,51,5,1,90,2024-04-19 11:17:48,2,1
974,2024-04-19 11:17:52+00:00,666,2,1260.5,2,10M,2.37,5.09,0.77,90.0,2,0.29,3,100,0,0,11489,0,11526,51,5,1,90,2024-04-19 11:17:52,2,1
979,2024-04-19 11:17:56+00:00,677,2,1032.5,1,10M,3.05,2.68,0.71,90.0,2,0.37,3,100,0,0,11454,0,11491,51,5,1,90,2024-04-19 11:17:56,2,1
991,2024-04-19 11:18:04+00:00,674,2,945.0,3,10M,3.16,2.96,0.7,90.0,2,0.39,3,100,0,1,11454,1,11491,51,5,1,90,2024-04-19 11:18:04,2,1
1003,2024-04-19 11:18:12+00:00,692,2,1267.67,1,10M,2.48,7.85,0.74,90.0,2,0.3,3,100,0,0,11454,0,11491,51,5,1,90,2024-04-19 11:18:12,2,1
1009,2024-04-19 11:18:16+00:00,697,2,1117.0,1,10M,2.63,6.58,0.72,90.0,2,0.32,3,100,0,0,11454,0,11491,51,5,1,90,2024-04-19 11:18:16,2,1
1015,2024-04-19 11:18:20+00:00,694,2,1062.0,2,10M,2.9,2.8,0.71,90.0,2,0.35,3,100,0,0,11488,0,11526,51,5,1,90,2024-04-19 11:18:20,2,1
1027,2024-04-19 11:18:28+00:00,708,2,1095.5,1,10M,2.8,3.93,0.72,90.0,2,0.34,3,100,0,0,11465,0,11491,51,5,1,90,2024-04-19 11:18:28,2,1
1039,2024-04-19 11:18:36+00:00,709,2,1129.33,2,10M,2.72,5.65,0.72,90.0,2,0.33,3,100,0,0,11454,0,11491,51,5,1,90,2024-04-19 11:18:36,2,1
1045,2024-04-19 11:18:40+00:00,709,2,1102.5,3,10M,3.09,4.9,0.71,90.0,2,0.38,3,100,0,2,11455,2,11491,51,5,1,90,2024-04-19 11:18:40,2,1
1051,2024-04-19 11:18:44+00:00,717,2,1206.0,2,10M,2.81,5.21,0.74,90.0,2,0.34,3,100,0,0,11489,0,11526,51,5,1,90,2024-04-19 11:18:44,2,1
1057,2024-04-19 11:18:48+00:00,728,2,1049.0,1,10M,3.0,3.64,0.7,90.0,2,0.37,3,100,0,1,11454,1,11491,51,5,1,90,2024-04-19 11:18:48,2,1
1063,2024-04-19 11:18:52+00:00,721,2,1093.33,3,10M,2.8,4.44,0.71,90.0,2,0.34,3,100,0,0,11454,0,11492,51,5,1,90,2024-04-19 11:18:52,2,1
1074,2024-04-19 11:18:59+00:00,728,2,1078.5,3,10M,2.97,6.79,0.69,90.0,2,0.36,3,100,0,1,11490,1,11526,51,5,1,90,2024-04-19 11:18:59,2,1
1080,2024-04-19 11:19:03+00:00,743,2,1032.0,1,10M,2.65,5.16,0.7,90.0,2,0.32,3,100,0,1,11490,1,11526,51,5,1,90,2024-04-19 11:19:03,2,1
1092,2024-04-19 11:19:11+00:00,751,2,1458.0,1,10M,2.63,4.38,0.76,90.0,2,0.32,3,100,0,0,11488,0,11526,51,5,1,90,2024-04-19 11:19:11,2,1
1103,2024-04-19 11:19:19+00:00,752,2,1089.0,2,10M,2.86,7.4,0.71,90.0,2,0.35,3,100,0,0,11465,0,11491,51,5,1,90,2024-04-19 11:19:19,2,1
1127,2024-04-19 11:19:35+00:00,764,2,1087.5,3,10M,2.57,7.34,0.7,90.0,2,0.31,3,100,0,1,11490,1,11526,51,5,1,90,2024-04-19 11:19:35,2,1
1133,2024-04-19 11:19:39+00:00,771,2,1106.5,2,10M,2.71,7.4,0.72,90.0,2,0.33,3,100,0,0,11418,0,11457,51,5,1,90,2024-04-19 11:19:39,2,1
1139,2024-04-19 11:19:43+00:00,782,2,1022.0,1,10M,3.11,5.79,0.69,90.0,2,0.38,3,100,0,0,11477,0,11512,51,6,1,88,2024-04-19 11:19:43,2,1
1152,2024-04-19 11:19:52+00:00,791,2,1013.0,1,10M,2.56,5.7,0.77,90.0,2,0.31,3,100,0,1,11431,1,11464,51,6,1,88,2024-04-19 11:19:52,2,1
1177,2024-04-19 11:20:09+00:00,797,2,1001.0,3,10M,2.77,3.89,0.7,90.0,2,0.34,3,100,0,0,11418,0,11464,51,6,1,88,2024-04-19 11:20:09,2,1
1189,2024-04-19 11:20:17+00:00,809,2,838.0,2,10M,3.07,4.18,0.71,90.0,2,0.37,3,100,0,0,11465,0,11494,51,6,1,88,2024-04-19 11:20:17,2,1
1207,2024-04-19 11:20:29+00:00,821,2,1082.0,2,10M,2.84,6.6,0.72,90.0,2,0.35,3,100,0,0,11430,0,11464,51,6,1,88,2024-04-19 11:20:29,2,1
1219,2024-04-19 11:20:37+00:00,828,2,1185.67,2,10M,2.58,8.16,0.74,90.0,2,0.32,3,100,0,0,11429,0,11464,51,6,1,88,2024-04-19 11:20:37,2,1
1225,2024-04-19 11:20:41+00:00,828,2,1206.0,3,10M,2.46,4.28,0.76,90.0,2,0.3,3,100,0,1,11466,1,11499,51,6,1,88,2024-04-19 11:20:41,2,1
1232,2024-04-19 11:20:47+00:00,834,2,1447.0,3,10M,2.09,8.78,0.78,90.0,2,0.26,3,100,0,0,11394,0,11429,51,6,1,88,2024-04-19 11:20:47,2,1
1245,2024-04-19 11:20:56+00:00,847,2,1391.5,2,10M,2.29,6.11,0.77,90.0,2,0.28,3,100,0,0,11430,0,11464,51,6,1,88,2024-04-19 11:20:56,2,1
1252,2024-04-19 11:21:01+00:00,852,2,1226.5,2,10M,2.46,4.62,0.76,90.0,2,0.3,3,100,0,2,11455,2,11499,51,6,1,88,2024-04-19 11:21:01,2,1
1258,2024-04-19 11:21:05+00:00,862,2,1532.0,1,10M,2.48,7.36,0.75,90.0,2,0.3,3,100,0,0,11394,0,11429,51,6,1,88,2024-04-19 11:21:05,2,1
1264,2024-04-19 11:21:10+00:00,868,2,1128.5,1,10M,2.67,5.73,0.75,90.0,2,0.33,3,100,0,0,11465,0,11494,51,6,1,88,2024-04-19 11:21:10,2,1
1279,2024-04-19 11:21:21+00:00,868,2,1714.0,3,10M,1.84,7.87,0.8,90.0,2,0.23,3,100,0,0,11429,0,11464,51,6,1,88,2024-04-19 11:21:21,2,1
1286,2024-04-19 11:21:26+00:00,876,2,1108.0,2,10M,2.3,8.23,0.74,90.0,2,0.28,3,100,0,0,11465,0,11494,51,6,1,88,2024-04-19 11:21:26,2,1
1292,2024-04-19 11:21:30+00:00,880,2,1542.0,2,10M,2.25,7.17,0.79,90.0,2,0.27,3,100,0,0,11430,0,11464,51,6,1,88,2024-04-19 11:21:30,2,1
1312,2024-04-19 11:21:44+00:00,890,2,1535.0,3,10M,2.2,7.74,0.78,90.0,2,0.27,3,100,0,0,11454,0,11494,51,6,1,88,2024-04-19 11:21:44,2,1
1325,2024-04-19 11:21:54+00:00,911,2,1352.0,1,10M,2.46,7.06,0.77,90.0,2,0.3,3,100,0,0,11429,0,11464,51,6,1,88,2024-04-19 11:21:54,2,1
1331,2024-04-19 11:21:58+00:00,915,2,1203.33,1,10M,2.64,5.62,0.72,90.0,2,0.32,3,100,0,1,11431,1,11464,51,6,1,88,2024-04-19 11:21:58,2,1
1339,2024-04-19 11:22:04+00:00,909,2,1635.67,3,10M,1.97,6.21,0.79,90.0,2,0.24,3,100,0,2,11420,2,11464,51,6,1,88,2024-04-19 11:22:04,2,1
1346,2024-04-19 11:22:09+00:00,914,2,1326.25,3,10M,2.34,5.6,0.75,90.0,2,0.29,3,100,0,2,11455,2,11494,51,6,1,88,2024-04-19 11:22:09,2,1
1359,2024-04-19 11:22:18+00:00,934,2,1280.5,1,10M,2.53,5.74,0.74,90.0,2,0.31,3,100,0,0,11430,0,11464,51,6,1,88,2024-04-19 11:22:18,2,1
1372,2024-04-19 11:22:27+00:00,932,2,1040.0,3,10M,2.47,6.78,0.74,90.0,2,0.3,3,100,0,0,11454,0,11494,51,6,1,88,2024-04-19 11:22:27,2,1
1378,2024-04-19 11:22:31+00:00,941,2,1178.0,2,10M,2.66,6.39,0.71,90.0,2,0.32,3,100,0,1,11431,1,11464,51,6,1,88,2024-04-19 11:22:31,2,1
1391,2024-04-19 11:22:40+00:00,945,2,1689.0,3,10M,2.33,4.71,0.75,90.0,2,0.28,3,100,0,1,11383,1,11429,51,6,1,88,2024-04-19 11:22:40,2,1
1405,2024-04-19 11:22:50+00:00,959,2,1178.0,2,10M,2.16,7.69,0.76,90.0,2,0.26,3,100,0,0,11429,0,11464,51,6,1,88,2024-04-19 11:22:50,2,1
1413,2024-04-19 11:22:56+00:00,965,2,1541.5,2,10M,2.04,8.31,0.78,90.0,2,0.25,3,100,0,0,11418,0,11464,51,6,1,88,2024-04-19 11:22:56,2,1
1427,2024-04-19 11:23:06+00:00,981,2,1317.33,1,10M,2.41,9.24,0.77,90.0,2,0.29,3,100,0,0,11453,0,11494,51,6,1,88,2024-04-19 11:23:06,2,1
1459,2024-04-19 11:23:30+00:00,994,2,1159.5,3,10M,2.64,6.8,0.74,90.0,2,0.32,3,100,0,1,11431,1,11464,51,6,1,88,2024-04-19 11:23:30,2,1
1492,2024-04-19 11:23:53+00:00,1028,2,1205.0,1,10M,2.37,5.81,0.73,90.0,2,0.29,3,100,0,0,11429,0,11464,51,6,1,88,2024-04-19 11:23:53,2,1
1505,2024-04-19 11:24:02+00:00,1026,2,1041.0,3,10M,2.65,4.24,0.71,90.0,2,0.32,3,100,0,0,11429,0,11464,51,6,1,88,2024-04-19 11:24:02,2,1
1512,2024-04-19 11:24:07+00:00,1041,2,1337.0,1,10M,2.17,8.46,0.76,90.0,2,0.26,3,100,0,0,11430,0,11464,51,6,1,88,2024-04-19 11:24:07,2,1
1519,2024-04-19 11:24:12+00:00,1046,2,1221.5,1,10M,2.3,5.94,0.75,90.0,2,0.28,3,100,0,1,11431,1,11464,51,6,1,88,2024-04-19 11:24:12,2,1
1547,2024-04-19 11:24:32+00:00,1055,2,1445.0,3,10M,2.06,9.89,0.79,90.0,2,0.25,3,100,0,1,11454,1,11499,51,6,1,88,2024-04-19 11:24:32,2,1
1554,2024-04-19 11:24:37+00:00,1064,2,1337.33,2,10M,2.19,10.15,0.73,90.0,2,0.27,3,100,0,0,11394,0,11429,51,6,1,88,2024-04-19 11:24:37,2,1
1601,2024-04-19 11:25:10+00:00,1092,2,1133.0,3,10M,2.67,6.85,0.73,90.0,2,0.33,3,100,0,0,11429,0,11464,51,6,1,88,2024-04-19 11:25:10,2,1
1607,2024-04-19 11:25:14+00:00,1107,2,1072.0,1,10M,2.62,4.91,0.76,90.0,2,0.32,3,100,0,0,11429,0,11464,51,6,1,88,2024-04-19 11:25:14,2,1
1633,2024-04-19 11:25:33+00:00,1127,2,219.67,1,10M,3.7,4.02,0.66,90.0,2,0.45,3,100,0,0,12778,0,12818,51,6,1,88,2024-04-19 11:25:33,2,1
1639,2024-04-19 11:25:37+00:00,1131,2,306.0,1,10M,7.94,2.05,0.29,90.0,2,0.95,3,100,0,2,10248,2,10275,51,6,1,88,2024-04-19 11:25:37,2,1
